nameWithOwner,url,createdAt,stargazers,releases
Snailclimb/JavaGuide,https://github.com/Snailclimb/JavaGuide,2018-05-07T13:27:00Z,119337,0
iluwatar/java-design-patterns,https://github.com/iluwatar/java-design-patterns,2014-08-09T16:45:18Z,73913,0
MisterBooo/LeetCodeAnimation,https://github.com/MisterBooo/LeetCodeAnimation,2018-12-06T08:01:22Z,69446,0
doocs/advanced-java,https://github.com/doocs/advanced-java,2018-10-06T11:38:30Z,61948,1
spring-projects/spring-boot,https://github.com/spring-projects/spring-boot,2012-10-19T15:02:57Z,60279,129
elastic/elasticsearch,https://github.com/elastic/elasticsearch,2010-02-08T13:20:56Z,58989,79
macrozheng/mall,https://github.com/macrozheng/mall,2018-04-04T01:11:44Z,56906,1
kdn251/interviews,https://github.com/kdn251/interviews,2017-02-14T18:19:25Z,56639,0
spring-projects/spring-framework,https://github.com/spring-projects/spring-framework,2010-12-08T04:04:45Z,46677,224
ReactiveX/RxJava,https://github.com/ReactiveX/RxJava,2013-01-08T20:11:48Z,45884,228
GrowingGit/GitHub-Chinese-Top-Charts,https://github.com/GrowingGit/GitHub-Chinese-Top-Charts,2019-09-05T03:01:56Z,45330,0
TheAlgorithms/Java,https://github.com/TheAlgorithms/Java,2016-07-16T10:21:02Z,45235,0
google/guava,https://github.com/google/guava,2014-05-29T16:23:17Z,44010,35
square/retrofit,https://github.com/square/retrofit,2010-09-06T21:39:43Z,39749,0
apache/dubbo,https://github.com/apache/dubbo,2012-06-19T07:56:02Z,36999,46
PhilJay/MPAndroidChart,https://github.com/PhilJay/MPAndroidChart,2014-04-25T14:29:47Z,34850,44
airbnb/lottie-android,https://github.com/airbnb/lottie-android,2016-10-06T22:42:42Z,32575,41
bumptech/glide,https://github.com/bumptech/glide,2013-07-08T22:52:33Z,32394,38
NationalSecurityAgency/ghidra,https://github.com/NationalSecurityAgency/ghidra,2019-03-01T03:27:48Z,31891,19
Blankj/AndroidUtilCode,https://github.com/Blankj/AndroidUtilCode,2016-07-30T18:18:32Z,30583,116
geekxh/hello-algorithm,https://github.com/geekxh/hello-algorithm,2020-05-29T05:47:09Z,30198,0
eugenp/tutorials,https://github.com/eugenp/tutorials,2013-04-29T18:26:36Z,29948,0
skylot/jadx,https://github.com/skylot/jadx,2013-03-18T17:08:21Z,29510,19
zxing/zxing,https://github.com/zxing/zxing,2011-10-12T14:07:27Z,29320,27
netty/netty,https://github.com/netty/netty,2010-11-09T09:22:21Z,28814,0
alibaba/arthas,https://github.com/alibaba/arthas,2018-08-29T17:15:57Z,28733,40
jeecgboot/jeecg-boot,https://github.com/jeecgboot/jeecg-boot,2018-11-26T10:40:00Z,28415,18
ityouknow/spring-boot-examples,https://github.com/ityouknow/spring-boot-examples,2016-11-05T05:32:33Z,27265,0
crossoverJie/JCSprout,https://github.com/crossoverJie/JCSprout,2017-12-17T09:06:50Z,26638,0
apolloconfig/apollo,https://github.com/apolloconfig/apollo,2016-03-04T10:24:23Z,26500,34
JakeWharton/butterknife,https://github.com/JakeWharton/butterknife,2013-03-05T08:18:59Z,25704,0
dbeaver/dbeaver,https://github.com/dbeaver/dbeaver,2015-10-21T08:26:28Z,25338,148
alibaba/druid,https://github.com/alibaba/druid,2011-11-03T05:12:51Z,25270,43
proxyee-down-org/proxyee-down,https://github.com/proxyee-down-org/proxyee-down,2017-10-25T10:07:27Z,25242,49
xkcoding/spring-boot-demo,https://github.com/xkcoding/spring-boot-demo,2017-11-10T06:27:29Z,25115,0
alibaba/fastjson,https://github.com/alibaba/fastjson,2011-11-03T06:58:52Z,24218,83
qiurunze123/miaosha,https://github.com/qiurunze123/miaosha,2018-09-14T04:36:24Z,24200,0
greenrobot/EventBus,https://github.com/greenrobot/EventBus,2012-07-16T16:55:40Z,23885,7
lenve/vhr,https://github.com/lenve/vhr,2018-01-04T08:57:51Z,23616,0
scwang90/SmartRefreshLayout,https://github.com/scwang90/SmartRefreshLayout,2017-06-02T09:52:50Z,23392,10
SeleniumHQ/selenium,https://github.com/SeleniumHQ/selenium,2013-01-14T21:40:56Z,23080,73
wuyouzhuguli/SpringAll,https://github.com/wuyouzhuguli/SpringAll,2018-05-02T02:48:44Z,23070,0
alibaba/easyexcel,https://github.com/alibaba/easyexcel,2018-02-06T03:14:08Z,22941,1
CymChad/BaseRecyclerViewAdapterHelper,https://github.com/CymChad/BaseRecyclerViewAdapterHelper,2016-04-10T07:40:11Z,22709,192
hollischuang/toBeTopJavaer,https://github.com/hollischuang/toBeTopJavaer,2018-10-25T09:54:54Z,22507,0
Netflix/Hystrix,https://github.com/Netflix/Hystrix,2012-11-19T20:14:46Z,22496,79
alibaba/canal,https://github.com/alibaba/canal,2013-01-13T10:59:52Z,22458,22
dromara/hutool,https://github.com/dromara/hutool,2014-04-13T07:23:51Z,22241,110
signalapp/Signal-Android,https://github.com/signalapp/Signal-Android,2011-12-15T20:01:12Z,22181,0
seata/seata,https://github.com/seata/seata,2018-12-28T08:37:22Z,21828,31
alibaba/nacos,https://github.com/alibaba/nacos,2018-06-15T06:49:27Z,21808,43
alibaba/spring-cloud-alibaba,https://github.com/alibaba/spring-cloud-alibaba,2017-12-01T20:49:15Z,21764,27
halo-dev/halo,https://github.com/halo-dev/halo,2018-03-21T12:56:52Z,21708,83
apache/kafka,https://github.com/apache/kafka,2011-08-15T18:06:16Z,21504,0
xuxueli/xxl-job,https://github.com/xuxueli/xxl-job,2015-11-28T12:59:34Z,21006,30
google/gson,https://github.com/google/gson,2015-03-19T18:21:20Z,20703,3
libgdx/libgdx,https://github.com/libgdx/libgdx,2012-08-10T19:34:38Z,19788,8
ReactiveX/RxAndroid,https://github.com/ReactiveX/RxAndroid,2014-08-19T03:46:38Z,19619,18
DrKLO/Telegram,https://github.com/DrKLO/Telegram,2013-10-25T14:08:10Z,19534,73
google/ExoPlayer,https://github.com/google/ExoPlayer,2014-06-13T21:19:18Z,19100,18
apache/skywalking,https://github.com/apache/skywalking,2015-11-07T03:30:36Z,18955,50
alibaba/Sentinel,https://github.com/alibaba/Sentinel,2018-04-04T06:37:33Z,18748,19
jenkinsci/jenkins,https://github.com/jenkinsci/jenkins,2010-11-22T21:21:23Z,18639,165
redisson/redisson,https://github.com/redisson/redisson,2014-01-11T14:06:25Z,18624,106
didi/DoraemonKit,https://github.com/didi/DoraemonKit,2018-08-14T10:32:07Z,18576,7
apache/flink,https://github.com/apache/flink,2014-06-07T07:00:10Z,18436,0
bazelbuild/bazel,https://github.com/bazelbuild/bazel,2014-06-12T16:00:38Z,18335,145
TeamNewPipe/NewPipe,https://github.com/TeamNewPipe/NewPipe,2015-09-03T23:39:26Z,18328,116
Baseflow/PhotoView,https://github.com/Baseflow/PhotoView,2012-07-17T16:39:00Z,18156,5
elunez/eladmin,https://github.com/elunez/eladmin,2018-12-14T08:54:24Z,17780,0
CarGuo/GSYVideoPlayer,https://github.com/CarGuo/GSYVideoPlayer,2016-11-13T12:34:31Z,17277,32
mybatis/mybatis-3,https://github.com/mybatis/mybatis-3,2013-02-14T19:03:32Z,16951,36
linlinjava/litemall,https://github.com/linlinjava/litemall,2018-03-22T16:42:30Z,16946,8
EnterpriseQualityCoding/FizzBuzzEnterpriseEdition,https://github.com/EnterpriseQualityCoding/FizzBuzzEnterpriseEdition,2012-11-24T00:14:41Z,16902,0
nostra13/Android-Universal-Image-Loader,https://github.com/nostra13/Android-Universal-Image-Loader,2011-11-27T18:48:23Z,16815,0
apache/rocketmq,https://github.com/apache/rocketmq,2016-11-30T08:00:08Z,16805,6
oracle/graal,https://github.com/oracle/graal,2016-01-14T17:11:35Z,16773,32
facebook/fresco,https://github.com/facebook/fresco,2015-03-02T09:58:04Z,16761,45
dianping/cat,https://github.com/dianping/cat,2012-12-05T02:31:48Z,16525,2
brettwooldridge/HikariCP,https://github.com/brettwooldridge/HikariCP,2013-10-08T05:43:03Z,16524,0
forezp/SpringCloudLearning,https://github.com/forezp/SpringCloudLearning,2017-04-08T10:06:56Z,16474,0
Tencent/tinker,https://github.com/Tencent/tinker,2016-09-06T06:57:52Z,16278,44
shuzheng/zheng,https://github.com/shuzheng/zheng,2016-10-04T10:07:06Z,16231,0
apache/shardingsphere,https://github.com/apache/shardingsphere,2016-01-18T12:49:26Z,15602,46
winterbe/java8-tutorial,https://github.com/winterbe/java8-tutorial,2014-03-16T17:25:43Z,15559,0
openzipkin/zipkin,https://github.com/openzipkin/zipkin,2012-06-06T18:26:16Z,15258,67
android10/Android-CleanArchitecture,https://github.com/android10/Android-CleanArchitecture,2014-08-19T14:09:26Z,15120,0
lottie-react-native/lottie-react-native,https://github.com/lottie-react-native/lottie-react-native,2017-01-27T18:24:50Z,14929,9
JeffLi1993/springboot-learning-example,https://github.com/JeffLi1993/springboot-learning-example,2017-02-06T07:02:25Z,14765,0
LMAX-Exchange/disruptor,https://github.com/LMAX-Exchange/disruptor,2012-09-21T13:42:24Z,14649,13
Anuken/Mindustry,https://github.com/Anuken/Mindustry,2017-04-30T01:24:29Z,14261,134
dyc87112/SpringBoot-Learning,https://github.com/dyc87112/SpringBoot-Learning,2016-08-21T03:39:06Z,14219,0
hdodenhof/CircleImageView,https://github.com/hdodenhof/CircleImageView,2014-01-17T16:44:46Z,14166,0
alibaba/ARouter,https://github.com/alibaba/ARouter,2016-12-14T01:27:49Z,13724,16
iBotPeaches/Apktool,https://github.com/iBotPeaches/Apktool,2012-03-19T17:46:53Z,13673,15
lgvalle/Material-Animations,https://github.com/lgvalle/Material-Animations,2015-03-08T20:54:00Z,13556,0
Tencent/QMUI_Android,https://github.com/Tencent/QMUI_Android,2017-04-21T10:03:18Z,13498,35
medcl/elasticsearch-analysis-ik,https://github.com/medcl/elasticsearch-analysis-ik,2011-12-16T09:01:45Z,13497,157
YunaiV/SpringBoot-Labs,https://github.com/YunaiV/SpringBoot-Labs,2018-09-12T14:51:46Z,13494,0
material-components/material-components-android,https://github.com/material-components/material-components-android,2016-12-05T16:11:29Z,13488,50
doocs/leetcode,https://github.com/doocs/leetcode,2018-09-16T14:03:03Z,13422,19
prestodb/presto,https://github.com/prestodb/presto,2012-08-09T01:03:37Z,13297,0
orhanobut/logger,https://github.com/orhanobut/logger,2015-03-20T22:30:12Z,13203,16
justauth/JustAuth,https://github.com/justauth/JustAuth,2019-01-31T09:42:20Z,13187,45
Bigkoo/Android-PickerView,https://github.com/Bigkoo/Android-PickerView,2014-12-28T01:46:38Z,13078,0
android-hacker/VirtualXposed,https://github.com/android-hacker/VirtualXposed,2017-12-01T09:00:58Z,13005,49
Tencent/APIJSON,https://github.com/Tencent/APIJSON,2016-11-21T12:03:29Z,12988,86
Curzibn/Luban,https://github.com/Curzibn/Luban,2016-07-24T07:43:21Z,12875,6
Konloch/bytecode-viewer,https://github.com/Konloch/bytecode-viewer,2014-10-14T10:26:46Z,12829,57
eclipse-vertx/vert.x,https://github.com/eclipse-vertx/vert.x,2011-06-17T14:54:55Z,12795,0
mockito/mockito,https://github.com/mockito/mockito,2012-10-13T20:27:12Z,12730,185
arduino/Arduino,https://github.com/arduino/Arduino,2010-09-17T19:10:36Z,12694,37
baomidou/mybatis-plus,https://github.com/baomidou/mybatis-plus,2016-08-18T10:06:53Z,12608,22
openjdk/jdk,https://github.com/openjdk/jdk,2018-09-17T12:29:20Z,12568,0
greenrobot/greenDAO,https://github.com/greenrobot/greenDAO,2011-10-22T16:15:14Z,12509,8
facebook/stetho,https://github.com/facebook/stetho,2015-01-22T22:34:10Z,12464,13
apache/hadoop,https://github.com/apache/hadoop,2014-08-28T07:00:08Z,12430,0
eclipse/deeplearning4j,https://github.com/eclipse/deeplearning4j,2013-11-27T02:03:28Z,12398,0
williamfiset/Algorithms,https://github.com/williamfiset/Algorithms,2017-03-18T02:50:46Z,12292,0
JessYanCoding/AndroidAutoSize,https://github.com/JessYanCoding/AndroidAutoSize,2018-08-17T09:04:19Z,12242,14
zhihu/Matisse,https://github.com/zhihu/Matisse,2017-04-13T01:31:05Z,12225,15
daimajia/AndroidSwipeLayout,https://github.com/daimajia/AndroidSwipeLayout,2014-08-25T04:09:33Z,12192,18
pinpoint-apm/pinpoint,https://github.com/pinpoint-apm/pinpoint,2014-10-20T09:27:22Z,12086,50
daimajia/AndroidViewAnimations,https://github.com/daimajia/AndroidViewAnimations,2014-06-23T03:53:13Z,12059,9
zhisheng17/flink-learning,https://github.com/zhisheng17/flink-learning,2019-01-01T07:38:28Z,11911,0
youth5201314/banner,https://github.com/youth5201314/banner,2016-04-22T05:50:25Z,11844,0
antlr/antlr4,https://github.com/antlr/antlr4,2010-02-04T01:36:28Z,11811,23
Netflix/zuul,https://github.com/Netflix/zuul,2013-03-13T18:53:57Z,11805,5
keycloak/keycloak,https://github.com/keycloak/keycloak,2013-07-02T13:38:51Z,11786,19
termux/termux-app,https://github.com/termux/termux-app,2015-10-23T09:42:46Z,11770,89
OpenAPITools/openapi-generator,https://github.com/OpenAPITools/openapi-generator,2018-05-12T09:57:56Z,11633,45
GoogleContainerTools/jib,https://github.com/GoogleContainerTools/jib,2018-01-22T18:30:43Z,11630,133
apache/druid,https://github.com/apache/druid,2012-10-23T19:08:07Z,11630,48
seaswalker/spring-analysis,https://github.com/seaswalker/spring-analysis,2016-09-09T07:46:32Z,11527,0
Tencent/VasSonic,https://github.com/Tencent/VasSonic,2017-08-01T08:35:13Z,11481,10
sqshq/piggymetrics,https://github.com/sqshq/piggymetrics,2015-03-29T17:56:31Z,11437,2
heibaiying/BigData-Notes,https://github.com/heibaiying/BigData-Notes,2019-03-10T01:40:01Z,11423,0
LuckSiege/PictureSelector,https://github.com/LuckSiege/PictureSelector,2017-01-04T07:47:39Z,11333,105
ben-manes/caffeine,https://github.com/ben-manes/caffeine,2014-12-13T08:45:11Z,11329,59
thingsboard/thingsboard,https://github.com/thingsboard/thingsboard,2016-12-01T09:33:30Z,11291,48
realm/realm-java,https://github.com/realm/realm-java,2012-04-20T09:18:42Z,11266,0
hyb1996/Auto.js,https://github.com/hyb1996/Auto.js,2017-01-27T01:01:16Z,11213,0
jfeinstein10/SlidingMenu,https://github.com/jfeinstein10/SlidingMenu,2012-06-30T05:14:23Z,11172,0
androidannotations/androidannotations,https://github.com/androidannotations/androidannotations,2012-01-06T08:48:03Z,11167,0
Netflix/eureka,https://github.com/Netflix/eureka,2012-07-26T22:23:07Z,11149,142
Yalantis/uCrop,https://github.com/Yalantis/uCrop,2016-01-05T13:41:06Z,11115,15
projectlombok/lombok,https://github.com/projectlombok/lombok,2009-06-08T19:46:41Z,11036,3
pagehelper/Mybatis-PageHelper,https://github.com/pagehelper/Mybatis-PageHelper,2014-06-09T15:32:30Z,11011,9
java-decompiler/jd-gui,https://github.com/java-decompiler/jd-gui,2015-03-25T05:28:41Z,10989,18
permissions-dispatcher/PermissionsDispatcher,https://github.com/permissions-dispatcher/PermissionsDispatcher,2015-08-15T21:41:05Z,10908,40
google/guice,https://github.com/google/guice,2014-05-28T23:18:53Z,10853,15
alibaba/vlayout,https://github.com/alibaba/vlayout,2017-02-27T08:11:47Z,10830,34
alibaba/DataX,https://github.com/alibaba/DataX,2018-01-18T10:09:47Z,10798,0
codecentric/spring-boot-admin,https://github.com/codecentric/spring-boot-admin,2014-07-25T11:39:13Z,10729,68
macrozheng/mall-learning,https://github.com/macrozheng/mall-learning,2019-04-12T13:20:31Z,10701,0
android-async-http/android-async-http,https://github.com/android-async-http/android-async-http,2011-02-20T03:25:07Z,10657,3
H07000223/FlycoTabLayout,https://github.com/H07000223/FlycoTabLayout,2015-11-09T01:53:19Z,10564,4
apache/pulsar,https://github.com/apache/pulsar,2016-06-28T07:00:03Z,10560,53
lingochamp/FileDownloader,https://github.com/lingochamp/FileDownloader,2015-12-22T11:17:16Z,10485,65
lipangit/JiaoZiVideoPlayer,https://github.com/lipangit/JiaoZiVideoPlayer,2016-02-06T11:04:24Z,10419,78
frank-lam/fullstack-tutorial,https://github.com/frank-lam/fullstack-tutorial,2018-04-13T01:50:10Z,10418,0
jeasonlzy/okhttp-OkGo,https://github.com/jeasonlzy/okhttp-OkGo,2016-01-15T10:35:24Z,10410,14
redis/jedis,https://github.com/redis/jedis,2010-06-11T13:04:43Z,10347,64
tbruyelle/RxPermissions,https://github.com/tbruyelle/RxPermissions,2015-09-29T13:55:09Z,10317,11
apache/zookeeper,https://github.com/apache/zookeeper,2009-03-27T15:41:56Z,10303,0
code4craft/webmagic,https://github.com/code4craft/webmagic,2013-04-23T12:57:36Z,10301,20
mission-peace/interview,https://github.com/mission-peace/interview,2014-07-20T21:27:31Z,10298,0
JakeWharton/ViewPagerIndicator,https://github.com/JakeWharton/ViewPagerIndicator,2011-08-04T17:13:44Z,10216,0
gyf-dev/ImmersionBar,https://github.com/gyf-dev/ImmersionBar,2017-04-19T05:10:09Z,10204,0
JessYanCoding/MVPArms,https://github.com/JessYanCoding/MVPArms,2016-08-06T08:49:56Z,10153,25
janishar/mit-deep-learning-book-pdf,https://github.com/janishar/mit-deep-learning-book-pdf,2017-04-07T10:46:50Z,10113,3
daniulive/SmarterStreaming,https://github.com/daniulive/SmarterStreaming,2016-03-26T14:46:02Z,9974,0
aosp-mirror/platform_frameworks_base,https://github.com/aosp-mirror/platform_frameworks_base,2008-10-21T18:20:37Z,9918,0
neo4j/neo4j,https://github.com/neo4j/neo4j,2012-11-12T08:46:15Z,9854,72
chefyuan/algorithm-base,https://github.com/chefyuan/algorithm-base,2021-03-17T09:32:28Z,9828,0
careercup/CtCI-6th-Edition,https://github.com/careercup/CtCI-6th-Edition,2015-07-02T06:28:46Z,9730,0
YoKeyword/Fragmentation,https://github.com/YoKeyword/Fragmentation,2016-02-23T08:54:55Z,9719,30
google/auto,https://github.com/google/auto,2013-05-22T21:41:56Z,9673,55
liaohuqiu/android-Ultra-Pull-To-Refresh,https://github.com/liaohuqiu/android-Ultra-Pull-To-Refresh,2014-11-13T03:13:10Z,9662,8
DuGuQiuBai/Java,https://github.com/DuGuQiuBai/Java,2015-11-25T07:30:08Z,9636,0
ksoichiro/Android-ObservableScrollView,https://github.com/ksoichiro/Android-ObservableScrollView,2014-11-08T14:45:20Z,9624,0
HarlonWang/AVLoadingIndicatorView,https://github.com/HarlonWang/AVLoadingIndicatorView,2015-10-24T20:18:33Z,9604,1
wasabeef/glide-transformations,https://github.com/wasabeef/glide-transformations,2015-01-09T10:33:29Z,9595,0
quarkusio/quarkus,https://github.com/quarkusio/quarkus,2018-07-06T00:44:20Z,9583,166
pxb1988/dex2jar,https://github.com/pxb1988/dex2jar,2015-03-16T09:13:07Z,9570,6
react-native-camera/react-native-camera,https://github.com/react-native-camera/react-native-camera,2015-04-01T00:54:40Z,9560,144
grpc/grpc-java,https://github.com/grpc/grpc-java,2014-12-08T19:00:00Z,9541,109
square/javapoet,https://github.com/square/javapoet,2013-02-01T16:56:30Z,9481,0
pockethub/PocketHub,https://github.com/pockethub/PocketHub,2011-09-08T16:52:50Z,9451,1
googlesamples/easypermissions,https://github.com/googlesamples/easypermissions,2015-12-22T18:05:53Z,9408,12
clojure/clojure,https://github.com/clojure/clojure,2010-06-29T20:03:33Z,9405,0
umano/AndroidSlidingUpPanel,https://github.com/umano/AndroidSlidingUpPanel,2013-05-31T18:33:53Z,9399,8
zaproxy/zaproxy,https://github.com/zaproxy/zaproxy,2015-06-03T16:55:01Z,9367,256
jhy/jsoup,https://github.com/jhy/jsoup,2009-12-19T01:29:58Z,9366,5
apereo/cas,https://github.com/apereo/cas,2011-09-09T01:36:42Z,9326,212
paascloud/paascloud-master,https://github.com/paascloud/paascloud-master,2018-03-17T05:40:43Z,9284,0
perwendel/spark,https://github.com/perwendel/spark,2011-05-05T11:52:05Z,9279,0
MyCATApache/Mycat-Server,https://github.com/MyCATApache/Mycat-Server,2014-12-04T02:46:54Z,9252,7
bilibili/DanmakuFlameMaster,https://github.com/bilibili/DanmakuFlameMaster,2013-08-11T12:18:50Z,9245,5
navasmdc/MaterialDesignLibrary,https://github.com/navasmdc/MaterialDesignLibrary,2014-09-30T07:37:17Z,9089,3
hackware1993/MagicIndicator,https://github.com/hackware1993/MagicIndicator,2016-06-26T08:20:43Z,9077,12
koral--/android-gif-drawable,https://github.com/koral--/android-gif-drawable,2013-01-30T01:37:46Z,9052,56
lihengming/spring-boot-api-project-seed,https://github.com/lihengming/spring-boot-api-project-seed,2017-06-23T10:06:30Z,9037,4
nathanmarz/storm,https://github.com/nathanmarz/storm,2011-09-17T07:55:13Z,8930,0
lzyzsd/JsBridge,https://github.com/lzyzsd/JsBridge,2015-02-26T12:10:58Z,8878,0
TooTallNate/Java-WebSocket,https://github.com/TooTallNate/Java-WebSocket,2010-01-20T23:33:04Z,8872,13
chrisbanes/Android-PullToRefresh,https://github.com/chrisbanes/Android-PullToRefresh,2011-11-29T09:59:56Z,8776,0
laobie/StatusBarUtil,https://github.com/laobie/StatusBarUtil,2016-02-15T03:06:06Z,8732,0
OpenRefine/OpenRefine,https://github.com/OpenRefine/OpenRefine,2012-10-15T02:22:48Z,8708,32
newbee-ltd/newbee-mall,https://github.com/newbee-ltd/newbee-mall,2019-09-21T03:56:04Z,8665,0
didi/VirtualAPK,https://github.com/didi/VirtualAPK,2017-06-29T07:25:05Z,8647,4
chrisjenx/Calligraphy,https://github.com/chrisjenx/Calligraphy,2013-12-20T02:35:45Z,8620,4
MindorksOpenSource/android-interview-questions,https://github.com/MindorksOpenSource/android-interview-questions,2017-07-09T18:47:24Z,8604,0
asLody/VirtualApp,https://github.com/asLody/VirtualApp,2016-07-06T13:25:23Z,8577,0
GcsSloop/AndroidNote,https://github.com/GcsSloop/AndroidNote,2016-01-04T23:51:36Z,8565,0
Freelander/Android_Data,https://github.com/Freelander/Android_Data,2015-04-04T01:37:44Z,8476,0
Activiti/Activiti,https://github.com/Activiti/Activiti,2012-09-13T11:34:43Z,8466,30
Justson/AgentWeb,https://github.com/Justson/AgentWeb,2017-05-12T07:45:56Z,8457,18
roughike/BottomBar,https://github.com/roughike/BottomBar,2016-03-16T01:31:05Z,8445,4
android/testing-samples,https://github.com/android/testing-samples,2014-10-11T03:51:27Z,8434,0
stanfordnlp/CoreNLP,https://github.com/stanfordnlp/CoreNLP,2013-06-27T21:13:49Z,8398,8
Blankj/awesome-java-leetcode,https://github.com/Blankj/awesome-java-leetcode,2017-04-17T15:51:41Z,8353,0
cats-oss/android-gpuimage,https://github.com/cats-oss/android-gpuimage,2012-10-04T08:11:58Z,8336,0
dromara/Sa-Token,https://github.com/dromara/Sa-Token,2020-02-03T10:34:29Z,8296,23
macrozheng/mall-swarm,https://github.com/macrozheng/mall-swarm,2019-11-25T06:55:31Z,8289,1
crossoverJie/cim,https://github.com/crossoverJie/cim,2018-05-20T15:55:56Z,8274,7
junit-team/junit4,https://github.com/junit-team/junit4,2009-01-13T03:41:26Z,8271,13
questdb/questdb,https://github.com/questdb/questdb,2014-04-28T23:29:15Z,8237,45
facebook/buck,https://github.com/facebook/buck,2013-04-17T18:12:18Z,8234,56
florent37/MaterialViewPager,https://github.com/florent37/MaterialViewPager,2015-04-24T17:53:15Z,8208,11
jwtk/jjwt,https://github.com/jwtk/jjwt,2014-09-13T01:06:24Z,8206,0
dropwizard/dropwizard,https://github.com/dropwizard/dropwizard,2011-01-19T19:52:29Z,8160,114
huanghaibin-dev/CalendarView,https://github.com/huanghaibin-dev/CalendarView,2017-03-11T07:16:09Z,8156,0
ybq/Android-SpinKit,https://github.com/ybq/Android-SpinKit,2016-03-20T08:40:51Z,8155,0
firebase/quickstart-android,https://github.com/firebase/quickstart-android,2016-04-26T17:13:27Z,8057,0
alibaba/atlas,https://github.com/alibaba/atlas,2017-02-28T06:31:43Z,8051,7
amitshekhariitbhu/Android-Debug-Database,https://github.com/amitshekhariitbhu/Android-Debug-Database,2016-11-16T14:20:24Z,7972,12
OpenFeign/feign,https://github.com/OpenFeign/feign,2013-06-26T23:28:16Z,7928,22
shwenzhang/AndResGuard,https://github.com/shwenzhang/AndResGuard,2015-10-11T11:48:06Z,7910,4
ChrisRM/material-theme-jetbrains,https://github.com/ChrisRM/material-theme-jetbrains,2015-09-23T07:15:04Z,7903,17
HannahMitt/HomeMirror,https://github.com/HannahMitt/HomeMirror,2015-08-23T03:20:08Z,7897,0
Netflix/SimianArmy,https://github.com/Netflix/SimianArmy,2012-07-06T22:00:05Z,7867,4
airbnb/epoxy,https://github.com/airbnb/epoxy,2016-08-08T23:05:11Z,7819,70
resilience4j/resilience4j,https://github.com/resilience4j/resilience4j,2015-06-03T09:21:01Z,7817,29
doocs/source-code-hunter,https://github.com/doocs/source-code-hunter,2019-10-28T01:35:10Z,7816,0
guolindev/LitePal,https://github.com/guolindev/LitePal,2013-02-20T03:20:07Z,7810,0
JakeWharton/hugo,https://github.com/JakeWharton/hugo,2013-11-25T09:16:40Z,7785,0
hs-web/hsweb-framework,https://github.com/hs-web/hsweb-framework,2016-01-18T03:51:39Z,7784,24
trello/RxLifecycle,https://github.com/trello/RxLifecycle,2015-07-20T13:32:23Z,7694,22
signalapp/Signal-Server,https://github.com/signalapp/Signal-Server,2013-12-09T07:10:36Z,7529,0
apache/dolphinscheduler,https://github.com/apache/dolphinscheduler,2019-03-01T16:39:25Z,7529,24
kaushikgopal/RxJava-Android-Samples,https://github.com/kaushikgopal/RxJava-Android-Samples,2014-07-23T05:13:52Z,7526,0
react-native-image-picker/react-native-image-picker,https://github.com/react-native-image-picker/react-native-image-picker,2015-06-08T20:25:31Z,7523,99
dropwizard/metrics,https://github.com/dropwizard/metrics,2010-02-26T19:44:42Z,7512,86
aritraroy/UltimateAndroidReference,https://github.com/aritraroy/UltimateAndroidReference,2017-04-10T07:28:27Z,7471,0
apache/shardingsphere-elasticjob,https://github.com/apache/shardingsphere-elasticjob,2015-09-11T11:28:52Z,7460,27
google/tsunami-security-scanner,https://github.com/google/tsunami-security-scanner,2020-06-03T16:20:00Z,7423,9
facebook/litho,https://github.com/facebook/litho,2017-01-27T03:59:11Z,7358,48
KunMinX/Jetpack-MVVM-Best-Practice,https://github.com/KunMinX/Jetpack-MVVM-Best-Practice,2019-10-31T05:21:01Z,7343,0
lecho/hellocharts-android,https://github.com/lecho/hellocharts-android,2014-10-12T09:12:37Z,7290,14
google/agera,https://github.com/google/agera,2015-12-17T13:22:58Z,7283,16
square/dagger,https://github.com/square/dagger,2012-08-02T23:25:32Z,7276,0
Bearded-Hen/Android-Bootstrap,https://github.com/Bearded-Hen/Android-Bootstrap,2013-11-01T15:36:17Z,7250,5
vipshop/vjtools,https://github.com/vipshop/vjtools,2018-05-29T09:07:08Z,7250,9
cymcsg/UltimateRecyclerView,https://github.com/cymcsg/UltimateRecyclerView,2015-01-28T02:27:45Z,7244,9
pedant/sweet-alert-dialog,https://github.com/pedant/sweet-alert-dialog,2014-10-19T09:24:09Z,7234,2
zhoutaoo/SpringCloud,https://github.com/zhoutaoo/SpringCloud,2017-07-23T14:28:08Z,7229,0
davemorrissey/subsampling-scale-image-view,https://github.com/davemorrissey/subsampling-scale-image-view,2013-08-26T16:45:25Z,7218,21
koush/AndroidAsync,https://github.com/koush/AndroidAsync,2012-08-24T07:27:04Z,7197,0
gedoor/MyBookshelf,https://github.com/gedoor/MyBookshelf,2018-06-12T03:48:07Z,7193,164
apache/cassandra,https://github.com/apache/cassandra,2009-05-21T02:10:09Z,7192,0
crazycodeboy/TakePhoto,https://github.com/crazycodeboy/TakePhoto,2015-08-04T02:05:32Z,7180,15
JakeWharton/ActionBarSherlock,https://github.com/JakeWharton/ActionBarSherlock,2011-03-07T17:28:54Z,7154,32
leolin310148/ShortcutBadger,https://github.com/leolin310148/ShortcutBadger,2013-11-15T12:51:52Z,7149,0
geeeeeeeeek/WeChatLuckyMoney,https://github.com/geeeeeeeeek/WeChatLuckyMoney,2015-09-30T16:11:20Z,7136,20
cryptomator/cryptomator,https://github.com/cryptomator/cryptomator,2014-02-02T00:43:47Z,7129,126
ionic-team/capacitor,https://github.com/ionic-team/capacitor,2017-11-18T21:38:09Z,7111,75
barteksc/AndroidPdfViewer,https://github.com/barteksc/AndroidPdfViewer,2016-06-02T20:21:21Z,7084,0
alibaba/otter,https://github.com/alibaba/otter,2013-08-09T09:31:22Z,7076,10
java-native-access/jna,https://github.com/java-native-access/jna,2011-04-29T13:30:29Z,7049,0
theonedev/onedev,https://github.com/theonedev/onedev,2018-11-06T02:57:01Z,7031,111
metersphere/metersphere,https://github.com/metersphere/metersphere,2020-02-03T02:06:12Z,7008,136
google/android-classyshark,https://github.com/google/android-classyshark,2015-10-12T13:40:48Z,6981,17
alibaba/COLA,https://github.com/alibaba/COLA,2018-02-06T13:46:27Z,6975,4
ogaclejapan/SmartTabLayout,https://github.com/ogaclejapan/SmartTabLayout,2015-02-14T11:25:51Z,6969,0
swagger-api/swagger-core,https://github.com/swagger-api/swagger-core,2011-07-05T23:44:11Z,6948,72
checkstyle/checkstyle,https://github.com/checkstyle/checkstyle,2013-08-31T02:05:05Z,6948,114
Qihoo360/RePlugin,https://github.com/Qihoo360/RePlugin,2017-06-08T09:39:09Z,6931,17
kevin-wayne/algs4,https://github.com/kevin-wayne/algs4,2015-08-31T09:28:49Z,6926,0
goldze/MVVMHabit,https://github.com/goldze/MVVMHabit,2017-07-21T10:38:40Z,6908,3
dyc87112/SpringCloud-Learning,https://github.com/dyc87112/SpringCloud-Learning,2016-08-21T03:39:52Z,6900,0
seven332/EhViewer,https://github.com/seven332/EhViewer,2014-05-14T12:03:52Z,6898,97
hongyangAndroid/okhttputils,https://github.com/hongyangAndroid/okhttputils,2015-08-17T14:53:29Z,6865,0
abel533/Mapper,https://github.com/abel533/Mapper,2014-11-21T11:02:10Z,6784,2
uber/RIBs,https://github.com/uber/RIBs,2017-10-03T18:18:50Z,6783,4
json-path/JsonPath,https://github.com/json-path/JsonPath,2011-01-24T13:19:19Z,6779,8
kekingcn/kkFileView,https://github.com/kekingcn/kkFileView,2017-12-12T11:41:08Z,6765,10
kunal-kushwaha/DSA-Bootcamp-Java,https://github.com/kunal-kushwaha/DSA-Bootcamp-Java,2021-07-30T12:23:25Z,6727,0
DroidPluginTeam/DroidPlugin,https://github.com/DroidPluginTeam/DroidPlugin,2015-08-27T11:14:57Z,6707,2
hongyangAndroid/AndroidAutoLayout,https://github.com/hongyangAndroid/AndroidAutoLayout,2015-11-19T02:09:11Z,6695,0
spring-projects/spring-security,https://github.com/spring-projects/spring-security,2012-01-10T21:50:57Z,6680,95
naman14/Timber,https://github.com/naman14/Timber,2015-06-12T16:43:55Z,6674,5
NLPchina/elasticsearch-sql,https://github.com/NLPchina/elasticsearch-sql,2014-08-24T14:26:31Z,6644,189
yuanguangxin/LeetCode,https://github.com/yuanguangxin/LeetCode,2020-01-11T01:02:02Z,6641,0
SonarSource/sonarqube,https://github.com/SonarSource/sonarqube,2011-01-05T11:05:17Z,6632,25
Exrick/xmall,https://github.com/Exrick/xmall,2017-07-28T01:49:49Z,6587,0
yanzhenjie/AndPermission,https://github.com/yanzhenjie/AndPermission,2016-09-11T05:17:34Z,6553,0
gyoogle/tech-interview-for-developer,https://github.com/gyoogle/tech-interview-for-developer,2019-06-09T04:42:57Z,6535,0
k9mail/k-9,https://github.com/k9mail/k-9,2011-02-04T02:40:00Z,6512,127
Angel-ML/angel,https://github.com/Angel-ML/angel,2017-04-25T05:57:43Z,6498,19
wildfirechat/im-server,https://github.com/wildfirechat/im-server,2019-01-23T15:21:28Z,6496,64
lenve/VBlog,https://github.com/lenve/VBlog,2017-12-26T11:01:55Z,6483,0
flyway/flyway,https://github.com/flyway/flyway,2012-12-14T18:43:22Z,6452,134
debezium/debezium,https://github.com/debezium/debezium,2016-01-22T20:17:05Z,6448,0
gocd/gocd,https://github.com/gocd/gocd,2013-12-13T05:26:16Z,6402,71
google/closure-compiler,https://github.com/google/closure-compiler,2014-04-16T15:30:36Z,6390,0
zendesk/android-floating-action-button,https://github.com/zendesk/android-floating-action-button,2014-09-19T06:49:21Z,6361,0
Meituan-Dianping/walle,https://github.com/Meituan-Dianping/walle,2017-01-10T03:39:25Z,6360,1
apache/storm,https://github.com/apache/storm,2013-11-05T08:00:14Z,6336,0
zo0r/react-native-push-notification,https://github.com/zo0r/react-native-push-notification,2015-12-14T19:53:36Z,6321,35
TechEmpower/FrameworkBenchmarks,https://github.com/TechEmpower/FrameworkBenchmarks,2013-03-22T17:33:54Z,6319,15
GrenderG/Toasty,https://github.com/GrenderG/Toasty,2017-01-18T18:52:41Z,6311,19
markzhai/AndroidPerformanceMonitor,https://github.com/markzhai/AndroidPerformanceMonitor,2016-01-17T05:23:22Z,6308,0
koush/ion,https://github.com/koush/ion,2013-05-22T07:41:23Z,6303,0
vinc3m1/RoundedImageView,https://github.com/vinc3m1/RoundedImageView,2013-02-22T01:17:37Z,6301,19
languagetool-org/languagetool,https://github.com/languagetool-org/languagetool,2013-08-08T16:37:22Z,6294,0
li-xiaojun/XPopup,https://github.com/li-xiaojun/XPopup,2018-12-07T06:16:48Z,6288,176
NanoHttpd/nanohttpd,https://github.com/NanoHttpd/nanohttpd,2012-08-10T21:52:42Z,6272,3
ssssssss-team/spider-flow,https://github.com/ssssssss-team/spider-flow,2020-03-27T11:07:15Z,6264,2
Tencent/Shadow,https://github.com/Tencent/Shadow,2019-06-13T10:50:27Z,6254,3
processing/processing,https://github.com/processing/processing,2013-01-24T21:17:22Z,6186,48
guardianproject/haven,https://github.com/guardianproject/haven,2017-03-01T03:20:03Z,6176,37
zouzg/mybatis-generator-gui,https://github.com/zouzg/mybatis-generator-gui,2016-05-08T22:39:39Z,6139,16
ikew0ng/SwipeBackLayout,https://github.com/ikew0ng/SwipeBackLayout,2013-08-25T03:36:12Z,6139,0
rengwuxian/MaterialEditText,https://github.com/rengwuxian/MaterialEditText,2014-10-30T10:07:23Z,6118,19
NLPchina/ansj_seg,https://github.com/NLPchina/ansj_seg,2012-09-05T05:56:24Z,6106,3
airbytehq/airbyte,https://github.com/airbytehq/airbyte,2020-07-27T23:55:54Z,6099,187
smuyyh/BookReader,https://github.com/smuyyh/BookReader,2016-08-03T05:17:27Z,6077,0
Graylog2/graylog2-server,https://github.com/Graylog2/graylog2-server,2010-05-17T21:27:02Z,6070,0
react-native-video/react-native-video,https://github.com/react-native-video/react-native-video,2015-03-31T05:08:38Z,6068,6
pedrovgs/EffectiveAndroidUI,https://github.com/pedrovgs/EffectiveAndroidUI,2014-07-04T08:42:20Z,6045,0
rey5137/material,https://github.com/rey5137/material,2014-12-09T12:07:32Z,6045,10
ArthurHub/Android-Image-Cropper,https://github.com/ArthurHub/Android-Image-Cropper,2015-01-15T10:49:37Z,6038,32
google/physical-web,https://github.com/google/physical-web,2014-09-30T18:32:14Z,6036,17
apache/incubator-shenyu,https://github.com/apache/incubator-shenyu,2018-07-11T08:17:45Z,6005,5
apache/jmeter,https://github.com/apache/jmeter,2010-05-26T23:38:07Z,6005,0
aa112901/remusic,https://github.com/aa112901/remusic,2016-03-24T06:20:39Z,5987,0
daimajia/NumberProgressBar,https://github.com/daimajia/NumberProgressBar,2014-05-01T08:54:25Z,5978,3
antoniolg/androidmvp,https://github.com/antoniolg/androidmvp,2014-04-02T05:42:20Z,5962,0
singwhatiwanna/dynamic-load-apk,https://github.com/singwhatiwanna/dynamic-load-apk,2014-03-30T11:51:00Z,5960,0
react-native-svg/react-native-svg,https://github.com/react-native-svg/react-native-svg,2016-01-17T14:29:21Z,5960,76
sohutv/cachecloud,https://github.com/sohutv/cachecloud,2016-01-26T05:46:01Z,5949,6
apache/tomcat,https://github.com/apache/tomcat,2011-10-01T07:00:19Z,5939,0
AsyncHttpClient/async-http-client,https://github.com/AsyncHttpClient/async-http-client,2011-03-07T13:41:46Z,5927,0
wyouflf/xUtils3,https://github.com/wyouflf/xUtils3,2015-10-28T10:56:04Z,5913,9
real-logic/aeron,https://github.com/real-logic/aeron,2014-02-07T17:16:58Z,5911,79
google/error-prone,https://github.com/google/error-prone,2014-08-21T23:26:50Z,5905,17
ityouknow/spring-cloud-examples,https://github.com/ityouknow/spring-cloud-examples,2017-04-28T08:48:53Z,5886,0
google/j2objc,https://github.com/google/j2objc,2014-01-30T20:19:56Z,5870,39
sshahine/JFoenix,https://github.com/sshahine/JFoenix,2015-09-08T14:04:24Z,5818,0
springside/springside4,https://github.com/springside/springside4,2012-02-23T08:39:03Z,5788,3
ximsfei/Android-skin-support,https://github.com/ximsfei/Android-skin-support,2017-01-12T15:03:54Z,5774,0
rabbitmq/rabbitmq-tutorials,https://github.com/rabbitmq/rabbitmq-tutorials,2010-09-21T11:41:26Z,5773,0
rest-assured/rest-assured,https://github.com/rest-assured/rest-assured,2010-10-21T08:35:43Z,5772,0
prolificinteractive/material-calendarview,https://github.com/prolificinteractive/material-calendarview,2015-02-09T22:31:56Z,5770,22
karatelabs/karate,https://github.com/karatelabs/karate,2017-02-07T15:59:17Z,5770,43
bytedeco/javacv,https://github.com/bytedeco/javacv,2014-04-21T13:50:26Z,5764,8
weibocom/motan,https://github.com/weibocom/motan,2016-04-20T10:56:17Z,5756,17
Nightonke/BoomMenu,https://github.com/Nightonke/BoomMenu,2016-03-19T12:04:12Z,5756,0
testcontainers/testcontainers-java,https://github.com/testcontainers/testcontainers-java,2015-04-12T12:44:59Z,5749,54
wasabeef/richeditor-android,https://github.com/wasabeef/richeditor-android,2015-03-30T16:19:20Z,5747,0
YunaiV/onemall,https://github.com/YunaiV/onemall,2019-05-02T16:06:49Z,5722,0
Devlight/InfiniteCycleViewPager,https://github.com/Devlight/InfiniteCycleViewPager,2016-08-22T08:04:39Z,5721,2
JakeWharton/u2020,https://github.com/JakeWharton/u2020,2013-11-14T11:58:23Z,5720,0
PaperMC/Paper,https://github.com/PaperMC/Paper,2016-01-22T05:40:19Z,5720,1
joelittlejohn/jsonschema2pojo,https://github.com/joelittlejohn/jsonschema2pojo,2013-06-22T22:28:53Z,5698,58
febsteam/FEBS-Shiro,https://github.com/febsteam/FEBS-Shiro,2018-03-20T02:17:48Z,5690,0
mrniko/netty-socketio,https://github.com/mrniko/netty-socketio,2012-01-12T11:43:49Z,5684,3
twowaits/SDE-Interview-Questions,https://github.com/twowaits/SDE-Interview-Questions,2017-10-25T11:08:52Z,5674,1
JakeWharton/DiskLruCache,https://github.com/JakeWharton/DiskLruCache,2012-01-05T00:36:34Z,5659,0
pentaho/pentaho-kettle,https://github.com/pentaho/pentaho-kettle,2013-10-08T18:27:11Z,5652,1
daimajia/AndroidImageSlider,https://github.com/daimajia/AndroidImageSlider,2014-06-02T06:04:17Z,5652,5
nhaarman/ListViewAnimations,https://github.com/nhaarman/ListViewAnimations,2013-03-19T11:59:23Z,5635,14
wxiaoqi/Spring-Cloud-Platform,https://github.com/wxiaoqi/Spring-Cloud-Platform,2017-05-25T10:35:26Z,5619,3
apache/zeppelin,https://github.com/apache/zeppelin,2015-03-25T07:00:06Z,5619,0
k0shk0sh/FastHub,https://github.com/k0shk0sh/FastHub,2017-02-18T17:53:16Z,5608,63
lets-blade/blade,https://github.com/lets-blade/blade,2015-06-10T03:35:49Z,5600,9
liyifeng1994/ssm,https://github.com/liyifeng1994/ssm,2016-06-18T17:58:56Z,5595,0
amlcurran/ShowcaseView,https://github.com/amlcurran/ShowcaseView,2012-08-14T19:07:36Z,5577,13
plantuml/plantuml,https://github.com/plantuml/plantuml,2010-11-04T15:55:50Z,5575,9
yarolegovich/DiscreteScrollView,https://github.com/yarolegovich/DiscreteScrollView,2017-03-03T23:38:54Z,5571,2
dmytrodanylyk/circular-progress-button,https://github.com/dmytrodanylyk/circular-progress-button,2014-06-07T12:58:48Z,5568,1
springfox/springfox,https://github.com/springfox/springfox,2012-05-06T06:38:57Z,5557,12
lightbend/config,https://github.com/lightbend/config,2011-12-06T08:02:29Z,5550,0
Alluxio/alluxio,https://github.com/Alluxio/alluxio,2012-12-21T17:43:46Z,5550,53
hongyangAndroid/FlowLayout,https://github.com/hongyangAndroid/FlowLayout,2015-08-28T09:32:31Z,5545,0
MindorksOpenSource/from-java-to-kotlin,https://github.com/MindorksOpenSource/from-java-to-kotlin,2017-05-21T11:56:27Z,5544,0
jpush/aurora-imui,https://github.com/jpush/aurora-imui,2016-12-13T05:24:01Z,5541,42
h2pl/Java-Tutorial,https://github.com/h2pl/Java-Tutorial,2018-05-01T15:57:21Z,5532,0
emilsjolander/StickyListHeaders,https://github.com/emilsjolander/StickyListHeaders,2012-03-11T18:29:18Z,5522,16
google/grafika,https://github.com/google/grafika,2013-12-19T18:36:53Z,5513,1
knightliao/disconf,https://github.com/knightliao/disconf,2014-05-30T09:39:27Z,5512,12
ja-netfilter/ja-netfilter,https://github.com/ja-netfilter/ja-netfilter,2021-11-29T02:54:50Z,5498,1
alibaba/freeline,https://github.com/alibaba/freeline,2016-08-03T17:22:52Z,5494,22
sockeqwe/mosby,https://github.com/sockeqwe/mosby,2015-03-25T00:59:19Z,5481,15
haifengl/smile,https://github.com/haifengl/smile,2014-11-20T16:28:12Z,5476,22
facebookarchive/rebound,https://github.com/facebookarchive/rebound,2013-10-11T01:12:37Z,5468,10
527515025/springBoot,https://github.com/527515025/springBoot,2016-11-07T02:13:31Z,5457,0
gzu-liyujiang/AndroidPicker,https://github.com/gzu-liyujiang/AndroidPicker,2015-10-21T14:21:16Z,5448,50
graphql-java/graphql-java,https://github.com/graphql-java/graphql-java,2015-07-06T06:52:20Z,5438,40
dm77/barcodescanner,https://github.com/dm77/barcodescanner,2014-02-24T21:14:09Z,5430,6
robolectric/robolectric,https://github.com/robolectric/robolectric,2010-08-28T00:28:25Z,5428,82
apache/beam,https://github.com/apache/beam,2016-02-02T08:00:06Z,5396,20
jgilfelt/SystemBarTint,https://github.com/jgilfelt/SystemBarTint,2013-11-17T12:35:05Z,5392,3
dataease/dataease,https://github.com/dataease/dataease,2021-02-02T04:10:21Z,5381,24
amitshekhariitbhu/Fast-Android-Networking,https://github.com/amitshekhariitbhu/Fast-Android-Networking,2016-03-21T18:35:44Z,5376,8
evernote/android-job,https://github.com/evernote/android-job,2015-08-20T19:36:54Z,5373,31
changmingxie/tcc-transaction,https://github.com/changmingxie/tcc-transaction,2015-12-05T04:27:53Z,5371,4
evant/gradle-retrolambda,https://github.com/evant/gradle-retrolambda,2013-08-05T02:09:58Z,5361,37
MinecraftForge/MinecraftForge,https://github.com/MinecraftForge/MinecraftForge,2012-01-30T01:35:01Z,5351,0
hanks-zyh/HTextView,https://github.com/hanks-zyh/HTextView,2015-12-19T16:34:59Z,5344,0
JesusFreke/smali,https://github.com/JesusFreke/smali,2012-09-23T19:51:16Z,5333,1
XRecyclerView/XRecyclerView,https://github.com/XRecyclerView/XRecyclerView,2015-11-18T08:14:22Z,5285,0
lucasr/twoway-view,https://github.com/lucasr/twoway-view,2013-01-18T20:55:23Z,5272,0
commonsguy/cw-omnibus,https://github.com/commonsguy/cw-omnibus,2012-03-12T14:12:06Z,5271,36
apache/dubbo-spring-boot-project,https://github.com/apache/dubbo-spring-boot-project,2018-01-18T12:10:50Z,5268,13
micronaut-projects/micronaut-core,https://github.com/micronaut-projects/micronaut-core,2018-03-07T12:05:08Z,5264,119
Meituan-Dianping/Leaf,https://github.com/Meituan-Dianping/Leaf,2018-12-11T07:41:35Z,5258,0
yixia/VitamioBundle,https://github.com/yixia/VitamioBundle,2012-10-19T08:40:49Z,5251,0
scribejava/scribejava,https://github.com/scribejava/scribejava,2010-09-05T19:11:40Z,5242,7
yanzhenjie/SwipeRecyclerView,https://github.com/yanzhenjie/SwipeRecyclerView,2016-08-03T15:43:34Z,5230,0
Clans/FloatingActionButton,https://github.com/Clans/FloatingActionButton,2015-03-21T12:36:16Z,5210,14
square/otto,https://github.com/square/otto,2012-06-27T19:06:49Z,5203,0
h6ah4i/android-advancedrecyclerview,https://github.com/h6ah4i/android-advancedrecyclerview,2015-01-24T16:14:39Z,5200,1
Yalantis/Side-Menu.Android,https://github.com/Yalantis/Side-Menu.Android,2015-01-13T11:11:27Z,5192,2
LawnchairLauncher/lawnchair,https://github.com/LawnchairLauncher/lawnchair,2017-03-03T13:12:58Z,5192,34
wuhaoyu1990/MagicCamera,https://github.com/wuhaoyu1990/MagicCamera,2016-01-08T11:36:56Z,5189,0
datahub-project/datahub,https://github.com/datahub-project/datahub,2015-11-18T05:47:40Z,5188,49
Vedenin/useful-java-links,https://github.com/Vedenin/useful-java-links,2016-02-13T13:14:52Z,5181,0
thinkaurelius/titan,https://github.com/thinkaurelius/titan,2012-02-25T22:53:53Z,5173,0
xxv/android-lifecycle,https://github.com/xxv/android-lifecycle,2014-04-18T14:26:22Z,5171,0
yuliskov/SmartTubeNext,https://github.com/yuliskov/SmartTubeNext,2020-07-28T12:53:52Z,5168,65
motianhuo/wechat,https://github.com/motianhuo/wechat,2015-05-25T02:33:37Z,5165,0
CameraKit/camerakit-android,https://github.com/CameraKit/camerakit-android,2016-11-27T19:29:43Z,5156,17
wasabeef/Blurry,https://github.com/wasabeef/Blurry,2015-07-23T14:12:08Z,5155,0
KeepSafe/TapTargetView,https://github.com/KeepSafe/TapTargetView,2016-09-11T09:07:36Z,5150,23
crazycodeboy/react-native-splash-screen,https://github.com/crazycodeboy/react-native-splash-screen,2016-09-14T10:43:55Z,5139,12
Karumi/Dexter,https://github.com/Karumi/Dexter,2015-11-17T13:14:43Z,5136,33
trinodb/trino,https://github.com/trinodb/trino,2019-01-19T06:38:14Z,5126,0
frohoff/ysoserial,https://github.com/frohoff/ysoserial,2015-01-28T07:13:55Z,5109,0
junit-team/junit5,https://github.com/junit-team/junit5,2015-01-11T19:06:10Z,5081,54
supertokens/supertokens-core,https://github.com/supertokens/supertokens-core,2020-01-05T13:30:52Z,5080,0
journeyapps/zxing-android-embedded,https://github.com/journeyapps/zxing-android-embedded,2012-11-28T16:36:39Z,5047,9
mapstruct/mapstruct,https://github.com/mapstruct/mapstruct,2012-05-28T12:42:42Z,5043,22
awsdocs/aws-doc-sdk-examples,https://github.com/awsdocs/aws-doc-sdk-examples,2016-08-18T19:06:57Z,5038,0
frogermcs/InstaMaterial,https://github.com/frogermcs/InstaMaterial,2014-11-10T18:56:49Z,5036,1
flowable/flowable-engine,https://github.com/flowable/flowable-engine,2016-10-13T07:21:43Z,5035,20
careercup/ctci,https://github.com/careercup/ctci,2013-03-21T23:01:01Z,5032,0
alibaba/UltraViewPager,https://github.com/alibaba/UltraViewPager,2017-03-29T13:31:53Z,5028,10
TommyLemon/Android-ZBLibrary,https://github.com/TommyLemon/Android-ZBLibrary,2015-08-20T16:03:53Z,5023,25
wequick/Small,https://github.com/wequick/Small,2015-11-27T11:37:20Z,5012,25
btraceio/btrace,https://github.com/btraceio/btrace,2014-08-28T18:58:24Z,5002,29
Trinea/android-common,https://github.com/Trinea/android-common,2012-06-19T07:49:46Z,4999,1
spring-attic/spring-mvc-showcase,https://github.com/spring-attic/spring-mvc-showcase,2011-06-03T15:36:55Z,4986,0
alibaba/transmittable-thread-local,https://github.com/alibaba/transmittable-thread-local,2013-10-13T08:48:33Z,4984,49
traex/RippleEffect,https://github.com/traex/RippleEffect,2014-10-14T13:32:51Z,4962,0
amitshekhariitbhu/RxJava2-Android-Samples,https://github.com/amitshekhariitbhu/RxJava2-Android-Samples,2016-08-27T08:21:37Z,4955,0
orhanobut/dialogplus,https://github.com/orhanobut/dialogplus,2014-12-12T09:24:44Z,4953,9
wiremock/wiremock,https://github.com/wiremock/wiremock,2011-10-09T20:27:24Z,4949,1
yipianfengye/android-zxingLibrary,https://github.com/yipianfengye/android-zxingLibrary,2016-07-26T08:00:18Z,4921,0
facebook/shimmer-android,https://github.com/facebook/shimmer-android,2015-02-27T22:25:22Z,4916,5
Devlight/NavigationTabBar,https://github.com/Devlight/NavigationTabBar,2016-03-29T08:59:27Z,4911,13
quartz-scheduler/quartz,https://github.com/quartz-scheduler/quartz,2016-03-07T14:05:37Z,4907,2
hibernate/hibernate-orm,https://github.com/hibernate/hibernate-orm,2010-10-04T16:15:52Z,4899,16
mybatis/generator,https://github.com/mybatis/generator,2013-02-10T11:14:50Z,4898,10
danikula/AndroidVideoCache,https://github.com/danikula/AndroidVideoCache,2015-04-01T11:25:52Z,4898,20
socketio/socket.io-client-java,https://github.com/socketio/socket.io-client-java,2013-04-28T17:04:05Z,4884,3
Ramotion/folding-cell-android,https://github.com/Ramotion/folding-cell-android,2016-04-01T11:38:47Z,4867,0
rubensousa/GravitySnapHelper,https://github.com/rubensousa/GravitySnapHelper,2016-08-31T07:25:23Z,4861,14
ffay/lanproxy,https://github.com/ffay/lanproxy,2016-11-20T08:12:10Z,4860,1
andkulikov/Transitions-Everywhere,https://github.com/andkulikov/Transitions-Everywhere,2014-10-15T03:37:03Z,4855,23
AriaLyy/Aria,https://github.com/AriaLyy/Aria,2016-02-19T02:16:07Z,4850,26
jOOQ/jOOQ,https://github.com/jOOQ/jOOQ,2011-04-17T10:43:33Z,4843,0
confluentinc/ksql,https://github.com/confluentinc/ksql,2016-09-27T21:30:15Z,4841,8
claritylab/lucida,https://github.com/claritylab/lucida,2014-05-13T17:12:49Z,4825,0
alibaba/jvm-sandbox,https://github.com/alibaba/jvm-sandbox,2017-08-03T02:55:31Z,4818,12
raphw/byte-buddy,https://github.com/raphw/byte-buddy,2013-11-25T19:38:03Z,4809,246
DingMouRen/LayoutManagerGroup,https://github.com/DingMouRen/LayoutManagerGroup,2018-04-28T11:47:38Z,4797,0
etsy/AndroidStaggeredGrid,https://github.com/etsy/AndroidStaggeredGrid,2013-12-09T19:43:45Z,4789,7
ankidroid/Anki-Android,https://github.com/ankidroid/Anki-Android,2013-01-20T13:55:53Z,4788,987
hazelcast/hazelcast,https://github.com/hazelcast/hazelcast,2012-03-21T12:25:18Z,4787,166
Nepxion/Discovery,https://github.com/Nepxion/Discovery,2018-06-21T16:16:49Z,4773,112
google/google-authenticator,https://github.com/google/google-authenticator,2014-10-08T17:54:27Z,4773,0
JodaOrg/joda-time,https://github.com/JodaOrg/joda-time,2011-05-16T16:49:57Z,4767,36
mcxiaoke/packer-ng-plugin,https://github.com/mcxiaoke/packer-ng-plugin,2015-11-24T04:08:08Z,4758,1
opensearch-project/OpenSearch,https://github.com/opensearch-project/OpenSearch,2021-01-29T22:10:00Z,4742,12
google/cameraview,https://github.com/google/cameraview,2016-08-04T05:22:14Z,4737,0
saiwu-bigkoo/Android-ConvenientBanner,https://github.com/saiwu-bigkoo/Android-ConvenientBanner,2014-12-23T06:12:33Z,4728,0
huangyanbin/smartTable,https://github.com/huangyanbin/smartTable,2017-11-08T01:11:14Z,4721,44
vavr-io/vavr,https://github.com/vavr-io/vavr,2014-01-30T14:07:25Z,4721,17
gabrielemariotti/cardslib,https://github.com/gabrielemariotti/cardslib,2013-09-20T21:57:19Z,4719,27
pardom-zz/ActiveAndroid,https://github.com/pardom-zz/ActiveAndroid,2012-11-15T18:10:45Z,4717,0
getActivity/AndroidProject,https://github.com/getActivity/AndroidProject,2018-10-23T10:30:55Z,4711,17
razerdp/BasePopup,https://github.com/razerdp/BasePopup,2016-01-15T03:31:07Z,4687,15
gephi/gephi,https://github.com/gephi/gephi,2011-10-22T03:14:46Z,4673,13
hongyangAndroid/baseAdapter,https://github.com/hongyangAndroid/baseAdapter,2015-08-03T02:55:51Z,4669,0
macrozheng/springcloud-learning,https://github.com/macrozheng/springcloud-learning,2019-09-07T02:36:16Z,4650,0
youlookwhat/CloudReader,https://github.com/youlookwhat/CloudReader,2016-11-20T11:59:25Z,4647,25
wdullaer/MaterialDateTimePicker,https://github.com/wdullaer/MaterialDateTimePicker,2015-01-03T19:41:03Z,4645,54
auth0/java-jwt,https://github.com/auth0/java-jwt,2014-03-07T15:06:11Z,4637,32
square/sqlbrite,https://github.com/square/sqlbrite,2015-02-19T04:38:37Z,4636,9
zhaojun1998/zfile,https://github.com/zhaojun1998/zfile,2019-08-19T13:57:56Z,4629,39
microg/GmsCore,https://github.com/microg/GmsCore,2014-04-23T19:28:47Z,4627,26
OpenTSDB/opentsdb,https://github.com/OpenTSDB/opentsdb,2010-08-27T02:05:20Z,4625,26
hustcc/JS-Sorting-Algorithm,https://github.com/hustcc/JS-Sorting-Algorithm,2017-01-19T11:36:21Z,4612,0
alipay/SoloPi,https://github.com/alipay/SoloPi,2019-03-14T15:32:49Z,4611,7
go-lang-plugin-org/go-lang-idea-plugin,https://github.com/go-lang-plugin-org/go-lang-idea-plugin,2010-08-29T08:20:01Z,4601,21
danielzeller/Depth-LIB-Android-,https://github.com/danielzeller/Depth-LIB-Android-,2016-04-27T09:37:28Z,4585,0
baidu/uid-generator,https://github.com/baidu/uid-generator,2017-03-27T04:03:43Z,4580,0
SplashCodes/JAViewer,https://github.com/SplashCodes/JAViewer,2016-05-21T08:47:10Z,4578,10
chentao0707/SimplifyReader,https://github.com/chentao0707/SimplifyReader,2015-08-17T08:22:53Z,4577,0
fuzhengwei/itstack-demo-design,https://github.com/fuzhengwei/itstack-demo-design,2020-05-20T13:45:30Z,4573,0
ElderDrivers/EdXposed,https://github.com/ElderDrivers/EdXposed,2019-01-18T16:18:19Z,4565,27
kyleduo/SwitchButton,https://github.com/kyleduo/SwitchButton,2014-09-09T07:20:43Z,4559,0
jgilfelt/chuck,https://github.com/jgilfelt/chuck,2017-02-07T23:51:39Z,4557,5
lingochamp/okdownload,https://github.com/lingochamp/okdownload,2017-12-17T08:21:22Z,4556,8
spring-cloud/spring-cloud-netflix,https://github.com/spring-cloud/spring-cloud-netflix,2014-07-11T15:46:12Z,4546,2
spring-projects/spring-security-oauth,https://github.com/spring-projects/spring-security-oauth,2011-07-26T18:08:49Z,4544,0
techGay/v9porn,https://github.com/techGay/v9porn,2018-04-12T14:32:04Z,4541,9
Flipboard/bottomsheet,https://github.com/Flipboard/bottomsheet,2015-04-23T17:37:32Z,4535,10
romandanylyk/PageIndicatorView,https://github.com/romandanylyk/PageIndicatorView,2016-08-20T19:25:32Z,4527,14
jdamcd/android-crop,https://github.com/jdamcd/android-crop,2014-03-13T10:24:43Z,4524,6
JakeWharton/NineOldAndroids,https://github.com/JakeWharton/NineOldAndroids,2011-12-08T19:46:37Z,4523,0
sofastack/sofa-boot,https://github.com/sofastack/sofa-boot,2018-04-02T08:28:14Z,4519,50
nisrulz/android-tips-tricks,https://github.com/nisrulz/android-tips-tricks,2016-08-25T20:27:33Z,4514,0
pili-engineering/PLDroidPlayer,https://github.com/pili-engineering/PLDroidPlayer,2015-06-02T04:41:29Z,4508,41
zhanghai/Douya,https://github.com/zhanghai/Douya,2016-02-01T13:44:19Z,4505,11
Jasonchenlijian/FastBle,https://github.com/Jasonchenlijian/FastBle,2016-08-23T02:06:33Z,4503,9
lettuce-io/lettuce-core,https://github.com/lettuce-io/lettuce-core,2014-05-10T13:08:46Z,4485,99
jankotek/mapdb,https://github.com/jankotek/mapdb,2012-08-17T15:28:54Z,4480,0
apache/groovy,https://github.com/apache/groovy,2015-04-16T07:00:05Z,4463,0
square/android-times-square,https://github.com/square/android-times-square,2013-01-30T20:28:27Z,4448,0
alibaba/dexposed,https://github.com/alibaba/dexposed,2015-06-30T02:59:16Z,4439,0
HotBitmapGG/bilibili-android-client,https://github.com/HotBitmapGG/bilibili-android-client,2016-06-01T04:36:01Z,4433,1
castorflex/SmoothProgressBar,https://github.com/castorflex/SmoothProgressBar,2013-11-27T20:32:16Z,4430,9
orientechnologies/orientdb,https://github.com/orientechnologies/orientdb,2012-12-09T20:33:47Z,4424,180
apache/hbase,https://github.com/apache/hbase,2014-05-23T07:00:07Z,4412,20
puniverse/quasar,https://github.com/puniverse/quasar,2013-03-27T14:51:24Z,4400,18
spring-projects/spring-data-examples,https://github.com/spring-projects/spring-data-examples,2014-01-30T15:42:43Z,4395,0
google/google-java-format,https://github.com/google/google-java-format,2015-05-11T20:38:28Z,4389,17
JanusGraph/janusgraph,https://github.com/JanusGraph/janusgraph,2016-12-26T13:26:29Z,4379,20
deathmarine/Luyten,https://github.com/deathmarine/Luyten,2013-07-11T10:57:28Z,4370,17
firebase/FirebaseUI-Android,https://github.com/firebase/FirebaseUI-Android,2015-07-09T17:31:09Z,4369,63
MindorksOpenSource/android-mvp-architecture,https://github.com/MindorksOpenSource/android-mvp-architecture,2017-01-27T08:39:06Z,4365,0
mcxiaoke/android-volley,https://github.com/mcxiaoke/android-volley,2013-05-21T05:35:26Z,4349,0
2227324689/gpmall,https://github.com/2227324689/gpmall,2019-07-18T14:09:22Z,4332,0
reactive-streams/reactive-streams-jvm,https://github.com/reactive-streams/reactive-streams-jvm,2014-02-28T13:16:15Z,4325,0
youtube/api-samples,https://github.com/youtube/api-samples,2013-12-09T18:41:41Z,4322,0
CodingDocs/springboot-guide,https://github.com/CodingDocs/springboot-guide,2018-11-28T01:05:07Z,4319,0
cglib/cglib,https://github.com/cglib/cglib,2014-03-29T13:48:30Z,4319,15
Ashok-Varma/BottomNavigation,https://github.com/Ashok-Varma/BottomNavigation,2016-03-19T19:19:30Z,4306,16
roncoo/roncoo-pay,https://github.com/roncoo/roncoo-pay,2016-07-21T02:46:06Z,4290,0
aporter/coursera-android,https://github.com/aporter/coursera-android,2014-01-05T09:55:31Z,4289,0
kiegroup/drools,https://github.com/kiegroup/drools,2011-02-18T08:37:05Z,4283,0
bingoogolapple/BGARefreshLayout-Android,https://github.com/bingoogolapple/BGARefreshLayout-Android,2015-05-28T16:17:00Z,4275,4
zuihou/lamp-cloud,https://github.com/zuihou/lamp-cloud,2018-01-17T02:51:04Z,4272,0
Tencent/GT,https://github.com/Tencent/GT,2016-01-13T10:29:55Z,4265,3
cabaletta/baritone,https://github.com/cabaletta/baritone,2018-08-01T15:34:21Z,4251,61
bitcoinj/bitcoinj,https://github.com/bitcoinj/bitcoinj,2013-11-19T04:33:23Z,4250,1
yasserg/crawler4j,https://github.com/yasserg/crawler4j,2011-12-31T22:49:18Z,4248,3
robinhood/ticker,https://github.com/robinhood/ticker,2016-07-15T21:37:52Z,4241,9
hansonwang99/Spring-Boot-In-Action,https://github.com/hansonwang99/Spring-Boot-In-Action,2019-01-28T12:56:51Z,4239,0
natario1/CameraView,https://github.com/natario1/CameraView,2017-07-18T09:30:33Z,4233,42
jeasonlzy/ImagePicker,https://github.com/jeasonlzy/ImagePicker,2016-01-27T17:05:03Z,4230,5
awangdev/LintCode,https://github.com/awangdev/LintCode,2015-04-25T19:14:09Z,4221,0
LSPosed/LSPosed,https://github.com/LSPosed/LSPosed,2020-12-12T08:39:37Z,4217,30
javagrowing/JGrowing,https://github.com/javagrowing/JGrowing,2019-02-26T01:55:08Z,4213,0
Netflix/ribbon,https://github.com/Netflix/ribbon,2013-01-15T01:08:04Z,4201,41
zhanglei-workspace/shopping-management-system,https://github.com/zhanglei-workspace/shopping-management-system,2015-11-16T12:53:21Z,4199,0
apache/hive,https://github.com/apache/hive,2009-05-21T02:31:01Z,4192,0
apache/camel,https://github.com/apache/camel,2009-05-21T00:25:36Z,4189,0
grantland/android-autofittextview,https://github.com/grantland/android-autofittextview,2011-02-14T06:00:52Z,4180,1
CellularPrivacy/Android-IMSI-Catcher-Detector,https://github.com/CellularPrivacy/Android-IMSI-Catcher-Detector,2013-11-23T10:04:14Z,4169,48
Genymobile/gnirehtet,https://github.com/Genymobile/gnirehtet,2017-02-09T16:01:13Z,4167,11
Meituan-Dianping/Robust,https://github.com/Meituan-Dianping/Robust,2017-03-14T10:14:50Z,4164,13
airbnb/DeepLinkDispatch,https://github.com/airbnb/DeepLinkDispatch,2015-06-11T21:16:48Z,4148,22
Jacksgong/JKeyboardPanelSwitch,https://github.com/Jacksgong/JKeyboardPanelSwitch,2015-07-01T17:42:01Z,4128,14
AntennaPod/AntennaPod,https://github.com/AntennaPod/AntennaPod,2012-07-31T10:25:08Z,4125,43
pedrovgs/AndroidWiFiADB,https://github.com/pedrovgs/AndroidWiFiADB,2015-10-18T21:58:45Z,4123,8
ZHENFENG13/spring-boot-projects,https://github.com/ZHENFENG13/spring-boot-projects,2017-04-01T01:50:14Z,4122,0
hugeterry/CoordinatorTabLayout,https://github.com/hugeterry/CoordinatorTabLayout,2017-01-27T13:40:28Z,4120,0
javaparser/javaparser,https://github.com/javaparser/javaparser,2011-10-30T14:03:44Z,4116,32
cjlin1/libsvm,https://github.com/cjlin1/libsvm,2013-09-10T14:32:07Z,4116,0
codingapi/tx-lcn,https://github.com/codingapi/tx-lcn,2017-11-11T03:34:34Z,4112,14
ChadCSong/ShineButton,https://github.com/ChadCSong/ShineButton,2016-07-05T06:32:26Z,4111,2
apache/ignite,https://github.com/apache/ignite,2015-02-19T08:00:05Z,4102,0
android/views-widgets-samples,https://github.com/android/views-widgets-samples,2019-09-06T21:39:12Z,4096,0
Exrick/xpay,https://github.com/Exrick/xpay,2017-12-12T16:11:19Z,4095,0
apache/rocketmq-externals,https://github.com/apache/rocketmq-externals,2017-03-14T07:00:06Z,4087,0
bingoogolapple/BGABanner-Android,https://github.com/bingoogolapple/BGABanner-Android,2014-10-25T17:15:18Z,4082,0
baoyachi/StepView,https://github.com/baoyachi/StepView,2016-06-22T03:52:08Z,4077,13
ronmamo/reflections,https://github.com/ronmamo/reflections,2013-04-16T16:19:26Z,4070,3
alibaba/Tangram-Android,https://github.com/alibaba/Tangram-Android,2017-03-29T13:29:57Z,4058,38
coobird/thumbnailator,https://github.com/coobird/thumbnailator,2015-07-25T05:38:33Z,4053,0
rubensousa/ViewPagerCards,https://github.com/rubensousa/ViewPagerCards,2016-08-20T15:24:12Z,4051,0
ThirtyDegreesRay/OpenHub,https://github.com/ThirtyDegreesRay/OpenHub,2017-07-11T13:29:51Z,4043,31
Netflix/conductor,https://github.com/Netflix/conductor,2016-12-07T22:48:42Z,4042,280
Yalantis/Phoenix,https://github.com/Yalantis/Phoenix,2015-01-12T14:11:20Z,4037,1
ongakuer/CircleIndicator,https://github.com/ongakuer/CircleIndicator,2014-07-30T14:02:56Z,4036,7
brianfrankcooper/YCSB,https://github.com/brianfrankcooper/YCSB,2010-04-19T20:52:11Z,4031,55
stleary/JSON-java,https://github.com/stleary/JSON-java,2010-12-21T17:46:09Z,4030,15
reactor/reactor-core,https://github.com/reactor/reactor-core,2015-11-10T10:06:40Z,4029,112
makovkastar/FloatingActionButton,https://github.com/makovkastar/FloatingActionButton,2014-07-22T13:29:55Z,4026,0
dinuscxj/LoadingDrawable,https://github.com/dinuscxj/LoadingDrawable,2016-04-16T07:33:57Z,4023,0
iNPUTmice/Conversations,https://github.com/iNPUTmice/Conversations,2014-01-24T01:07:34Z,4018,101
objectbox/objectbox-java,https://github.com/objectbox/objectbox-java,2017-01-24T10:29:48Z,3999,29
azkaban/azkaban,https://github.com/azkaban/azkaban,2012-10-18T01:34:53Z,3995,48
BoltsFramework/Bolts-Android,https://github.com/BoltsFramework/Bolts-Android,2014-01-30T04:58:14Z,3984,11
phishman3579/java-algorithms-implementation,https://github.com/phishman3579/java-algorithms-implementation,2013-11-20T03:30:19Z,3982,0
Heeexy/SpringBoot-Shiro-Vue,https://github.com/Heeexy/SpringBoot-Shiro-Vue,2017-11-17T18:49:06Z,3979,0
rengwuxian/RxJavaSamples,https://github.com/rengwuxian/RxJavaSamples,2016-03-24T13:08:10Z,3970,3
yhaolpz/FloatWindow,https://github.com/yhaolpz/FloatWindow,2017-11-14T14:33:55Z,3969,9
qstumn/BadgeView,https://github.com/qstumn/BadgeView,2017-02-08T02:01:39Z,3968,5
chewiebug/GCViewer,https://github.com/chewiebug/GCViewer,2011-10-23T09:01:04Z,3949,5
bjmashibing/InternetArchitect,https://github.com/bjmashibing/InternetArchitect,2019-10-19T16:32:01Z,3946,0
alibaba/jstorm,https://github.com/alibaba/jstorm,2013-09-03T03:53:16Z,3943,22
lcodecorex/TwinklingRefreshLayout,https://github.com/lcodecorex/TwinklingRefreshLayout,2016-03-02T12:11:56Z,3934,0
brianway/java-learning,https://github.com/brianway/java-learning,2016-02-09T05:20:58Z,3930,0
citerus/dddsample-core,https://github.com/citerus/dddsample-core,2015-01-31T23:21:37Z,3930,0
CalebFenton/simplify,https://github.com/CalebFenton/simplify,2014-01-16T05:14:02Z,3926,9
meefik/linuxdeploy,https://github.com/meefik/linuxdeploy,2012-08-21T04:49:14Z,3926,37
Manabu-GT/ExpandableTextView,https://github.com/Manabu-GT/ExpandableTextView,2014-05-17T19:40:15Z,3924,4
bisq-network/bisq,https://github.com/bisq-network/bisq,2014-03-12T09:42:29Z,3917,120
YunaiV/ruoyi-vue-pro,https://github.com/YunaiV/ruoyi-vue-pro,2021-01-24T03:18:25Z,3917,9
JoanZapata/android-iconify,https://github.com/JoanZapata/android-iconify,2013-06-12T11:42:01Z,3916,0
Doikki/DKVideoPlayer,https://github.com/Doikki/DKVideoPlayer,2017-04-11T01:33:38Z,3914,30
jeremylong/DependencyCheck,https://github.com/jeremylong/DependencyCheck,2012-09-03T20:43:30Z,3904,28
luckybilly/CC,https://github.com/luckybilly/CC,2017-11-23T16:26:33Z,3900,0
xcltapestry/XCL-Charts,https://github.com/xcltapestry/XCL-Charts,2014-06-09T15:44:50Z,3900,0
JZ-Darkal/AndroidHttpCapture,https://github.com/JZ-Darkal/AndroidHttpCapture,2016-10-15T19:48:00Z,3898,1
dreamhead/moco,https://github.com/dreamhead/moco,2012-10-18T09:09:51Z,3895,0
rstudio/rstudio,https://github.com/rstudio/rstudio,2010-12-07T19:10:25Z,3894,0
tuguangquan/mybatis,https://github.com/tuguangquan/mybatis,2014-11-03T04:51:06Z,3884,0
oblac/jodd,https://github.com/oblac/jodd,2012-09-07T20:26:48Z,3878,37
aurelhubert/ahbottomnavigation,https://github.com/aurelhubert/ahbottomnavigation,2016-03-17T12:17:56Z,3874,14
apache/pinot,https://github.com/apache/pinot,2014-05-19T23:27:48Z,3869,15
Freeyourgadget/Gadgetbridge,https://github.com/Freeyourgadget/Gadgetbridge,2015-01-05T23:19:03Z,3860,0
Piasy/BigImageViewer,https://github.com/Piasy/BigImageViewer,2016-11-06T09:55:02Z,3859,0
vespa-engine/vespa,https://github.com/vespa-engine/vespa,2016-06-03T20:54:20Z,3845,12
orhanobut/hawk,https://github.com/orhanobut/hawk,2015-02-19T22:25:23Z,3840,22
oldmanpushcart/greys-anatomy,https://github.com/oldmanpushcart/greys-anatomy,2012-11-21T19:39:35Z,3837,0
bluelinelabs/Conductor,https://github.com/bluelinelabs/Conductor,2016-03-16T18:42:41Z,3834,19
react-native-webrtc/react-native-webrtc,https://github.com/react-native-webrtc/react-native-webrtc,2015-09-27T10:57:30Z,3824,42
dromara/hmily,https://github.com/dromara/hmily,2017-09-28T06:29:01Z,3823,0
roboguice/roboguice,https://github.com/roboguice/roboguice,2012-08-12T20:37:19Z,3817,0
hussien89aa/AndroidTutorialForBeginners,https://github.com/hussien89aa/AndroidTutorialForBeginners,2016-09-26T16:36:28Z,3814,0
web3j/web3j,https://github.com/web3j/web3j,2016-09-04T05:48:49Z,3811,94
itwanger/JavaBooks,https://github.com/itwanger/JavaBooks,2020-10-10T00:48:06Z,3801,0
MiguelCatalan/MaterialSearchView,https://github.com/MiguelCatalan/MaterialSearchView,2015-09-14T17:13:46Z,3795,6
bytedeco/javacpp,https://github.com/bytedeco/javacpp,2014-04-21T12:47:21Z,3790,8
pmd/pmd,https://github.com/pmd/pmd,2012-07-11T18:03:00Z,3789,74
eirslett/frontend-maven-plugin,https://github.com/eirslett/frontend-maven-plugin,2013-08-30T14:44:38Z,3776,0
apache/shiro,https://github.com/apache/shiro,2009-08-29T08:00:17Z,3772,0
j-easy/easy-rules,https://github.com/j-easy/easy-rules,2013-03-10T14:38:26Z,3767,10
powermock/powermock,https://github.com/powermock/powermock,2014-05-28T07:53:53Z,3763,16
TeamAmaze/AmazeFileManager,https://github.com/TeamAmaze/AmazeFileManager,2014-07-14T19:47:53Z,3762,58
microsoft/malmo,https://github.com/microsoft/malmo,2016-05-17T14:58:40Z,3755,21
Javen205/IJPay,https://github.com/Javen205/IJPay,2017-05-02T03:15:32Z,3753,23
databricks/learning-spark,https://github.com/databricks/learning-spark,2014-06-16T04:47:54Z,3744,0
didi/LogiKM,https://github.com/didi/LogiKM,2020-03-19T05:13:51Z,3737,13
zzhoujay/RichText,https://github.com/zzhoujay/RichText,2015-07-21T09:36:01Z,3735,0
timehop/sticky-headers-recyclerview,https://github.com/timehop/sticky-headers-recyclerview,2014-10-03T01:57:46Z,3725,0
M66B/NetGuard,https://github.com/M66B/NetGuard,2015-10-24T17:59:20Z,3724,134
subhra74/xdm,https://github.com/subhra74/xdm,2018-02-25T13:09:15Z,3719,3
zxbu/webdav-aliyundriver,https://github.com/zxbu/webdav-aliyundriver,2021-01-13T10:02:36Z,3718,14
querydsl/querydsl,https://github.com/querydsl/querydsl,2011-08-05T06:46:32Z,3716,34
xuexiangjys/XUI,https://github.com/xuexiangjys/XUI,2019-01-07T07:59:02Z,3714,21
yanzhenjie/NoHttp,https://github.com/yanzhenjie/NoHttp,2015-07-29T06:11:12Z,3714,0
lzyzsd/CircleProgress,https://github.com/lzyzsd/CircleProgress,2014-10-30T16:14:42Z,3701,0
pqpo/SmartCropper,https://github.com/pqpo/SmartCropper,2017-08-03T11:08:41Z,3700,13
willowtreeapps/spruce-android,https://github.com/willowtreeapps/spruce-android,2017-02-23T20:34:18Z,3691,3
LWJGL/lwjgl3,https://github.com/LWJGL/lwjgl3,2012-12-23T15:40:04Z,3685,16
failsafe-lib/failsafe,https://github.com/failsafe-lib/failsafe,2015-06-30T00:56:39Z,3681,0
amirzaidi/Launcher3,https://github.com/amirzaidi/Launcher3,2017-05-30T12:53:32Z,3671,22
tiann/epic,https://github.com/tiann/epic,2017-05-22T02:52:44Z,3669,5
Col-E/Recaf,https://github.com/Col-E/Recaf,2017-07-27T06:01:10Z,3658,167
huanghongxun/HMCL,https://github.com/huanghongxun/HMCL,2015-06-22T08:06:03Z,3657,177
yangfuhai/ASimpleCache,https://github.com/yangfuhai/ASimpleCache,2013-07-28T13:50:59Z,3654,0
binIoter/GuideView,https://github.com/binIoter/GuideView,2016-06-19T08:52:25Z,3646,0
ryanhoo/StylishMusicPlayer,https://github.com/ryanhoo/StylishMusicPlayer,2016-09-13T14:38:32Z,3629,0
rockerhieu/emojicon,https://github.com/rockerhieu/emojicon,2014-01-18T12:32:38Z,3618,2
google/open-location-code,https://github.com/google/open-location-code,2014-09-30T18:26:35Z,3617,5
sunfusheng/MarqueeView,https://github.com/sunfusheng/MarqueeView,2016-06-01T06:50:46Z,3616,0
WeiYe-Jing/datax-web,https://github.com/WeiYe-Jing/datax-web,2019-11-19T01:09:05Z,3616,5
litesuits/android-common,https://github.com/litesuits/android-common,2014-05-29T08:08:00Z,3616,0
lygttpod/SuperTextView,https://github.com/lygttpod/SuperTextView,2016-10-19T04:06:54Z,3613,39
saysky/ForestBlog,https://github.com/saysky/ForestBlog,2017-10-08T15:27:47Z,3612,0
mock-server/mockserver,https://github.com/mock-server/mockserver,2013-02-26T06:09:52Z,3609,0
jitsi/jitsi,https://github.com/jitsi/jitsi,2013-04-24T17:37:20Z,3609,7
graphhopper/graphhopper,https://github.com/graphhopper/graphhopper,2012-02-18T19:57:38Z,3598,35
mercyblitz/tech-weekly,https://github.com/mercyblitz/tech-weekly,2018-12-03T03:10:52Z,3590,0
runelite/runelite,https://github.com/runelite/runelite,2016-04-30T20:48:02Z,3589,0
code4craft/tiny-spring,https://github.com/code4craft/tiny-spring,2014-01-10T16:37:57Z,3584,0
johncarl81/parceler,https://github.com/johncarl81/parceler,2013-07-03T02:53:01Z,3584,0
nytimes/Store,https://github.com/nytimes/Store,2016-11-29T20:17:11Z,3580,0
tyrantgit/ExplosionField,https://github.com/tyrantgit/ExplosionField,2015-09-23T11:34:50Z,3579,0
apache/incubator-heron,https://github.com/apache/incubator-heron,2015-09-25T16:09:24Z,3579,56
androidx/androidx,https://github.com/androidx/androidx,2020-04-17T19:17:41Z,3571,0
JSQLParser/JSqlParser,https://github.com/JSQLParser/JSqlParser,2011-06-23T22:51:52Z,3569,27
Atmosphere/atmosphere,https://github.com/Atmosphere/atmosphere,2010-06-30T14:26:23Z,3567,0
dongjunkun/DropDownMenu,https://github.com/dongjunkun/DropDownMenu,2015-06-23T07:43:56Z,3566,2
mybatis/spring-boot-starter,https://github.com/mybatis/spring-boot-starter,2015-09-25T13:05:15Z,3566,23
kikoso/android-stackblur,https://github.com/kikoso/android-stackblur,2013-08-15T14:44:32Z,3561,0
luontola/retrolambda,https://github.com/luontola/retrolambda,2013-07-20T07:25:22Z,3549,0
LandGrey/SpringBootVulExploit,https://github.com/LandGrey/SpringBootVulExploit,2020-05-20T09:18:44Z,3548,0
lsjwzh/RecyclerViewPager,https://github.com/lsjwzh/RecyclerViewPager,2015-01-17T18:30:34Z,3546,10
CameraKit/blurkit-android,https://github.com/CameraKit/blurkit-android,2016-11-06T03:14:58Z,3538,3
981011512/--,https://github.com/981011512/--,2020-06-18T22:47:21Z,3537,0
sofastack/sofa-rpc,https://github.com/sofastack/sofa-rpc,2018-04-09T03:32:04Z,3536,44
arimorty/floatingsearchview,https://github.com/arimorty/floatingsearchview,2015-11-22T02:38:32Z,3535,0
oracle/opengrok,https://github.com/oracle/opengrok,2013-01-07T11:49:18Z,3533,197
stfalcon-studio/ChatKit,https://github.com/stfalcon-studio/ChatKit,2017-02-02T09:37:15Z,3529,1
baoyongzhang/SwipeMenuListView,https://github.com/baoyongzhang/SwipeMenuListView,2014-08-24T15:40:45Z,3528,2
apache/dubbo-admin,https://github.com/apache/dubbo-admin,2018-01-11T05:30:17Z,3525,4
Fuzion24/JustTrustMe,https://github.com/Fuzion24/JustTrustMe,2014-07-24T23:45:05Z,3517,1
rovo89/XposedInstaller,https://github.com/rovo89/XposedInstaller,2012-04-02T20:33:05Z,3512,0
RedSpider1/concurrent,https://github.com/RedSpider1/concurrent,2018-11-03T13:49:36Z,3509,0
line/armeria,https://github.com/line/armeria,2015-11-16T04:04:01Z,3503,199
JakeWharton/ThreeTenABP,https://github.com/JakeWharton/ThreeTenABP,2015-07-03T17:35:09Z,3501,0
andOTP/andOTP,https://github.com/andOTP/andOTP,2017-07-05T11:39:52Z,3499,38
linyiqun/DataMiningAlgorithm,https://github.com/linyiqun/DataMiningAlgorithm,2015-01-11T02:50:28Z,3496,0
obsidiandynamics/kafdrop,https://github.com/obsidiandynamics/kafdrop,2019-05-27T08:46:56Z,3492,43
codeestX/GeekNews,https://github.com/codeestX/GeekNews,2016-08-07T14:56:56Z,3492,0
davideas/FlexibleAdapter,https://github.com/davideas/FlexibleAdapter,2015-05-02T22:00:43Z,3490,30
mpusher/mpush,https://github.com/mpusher/mpush,2016-04-28T01:43:19Z,3490,9
Ereza/CustomActivityOnCrash,https://github.com/Ereza/CustomActivityOnCrash,2014-07-04T19:46:21Z,3489,11
google/rejoiner,https://github.com/google/rejoiner,2017-12-06T19:09:53Z,3482,3
Exrick/xboot,https://github.com/Exrick/xboot,2018-04-23T14:44:18Z,3480,6
traccar/traccar,https://github.com/traccar/traccar,2012-04-16T08:33:49Z,3474,35
xcc3641/SeeWeather,https://github.com/xcc3641/SeeWeather,2016-02-20T13:10:14Z,3474,2
alibaba/dragonwell8,https://github.com/alibaba/dragonwell8,2019-03-07T02:57:45Z,3474,16
bilibili/MagicaSakura,https://github.com/bilibili/MagicaSakura,2016-06-23T07:54:59Z,3470,3
dropbox/hackpad,https://github.com/dropbox/hackpad,2015-08-14T02:32:17Z,3469,0
openhab/openhab1-addons,https://github.com/openhab/openhab1-addons,2013-09-20T20:28:43Z,3469,14
andremion/Music-Player,https://github.com/andremion/Music-Player,2016-05-06T21:55:37Z,3464,2
jboss-javassist/javassist,https://github.com/jboss-javassist/javassist,2013-05-24T08:31:32Z,3462,18
remkop/picocli,https://github.com/remkop/picocli,2017-02-01T16:38:41Z,3447,78
guolindev/giffun,https://github.com/guolindev/giffun,2019-01-28T05:11:00Z,3441,0
zlt2000/microservices-platform,https://github.com/zlt2000/microservices-platform,2019-03-07T07:13:37Z,3438,25
mik3y/usb-serial-for-android,https://github.com/mik3y/usb-serial-for-android,2013-06-30T23:17:45Z,3436,21
knowm/XChange,https://github.com/knowm/XChange,2012-02-02T10:48:28Z,3435,0
spring-cloud/spring-cloud-gateway,https://github.com/spring-cloud/spring-cloud-gateway,2016-11-16T21:42:51Z,3434,0
avast/android-butterknife-zelezny,https://github.com/avast/android-butterknife-zelezny,2013-12-23T14:24:08Z,3421,8
ethanhua/Skeleton,https://github.com/ethanhua/Skeleton,2017-07-30T06:42:39Z,3417,0
yigit/android-priority-jobqueue,https://github.com/yigit/android-priority-jobqueue,2014-06-20T00:12:45Z,3410,0
mcxtzhang/SwipeDelMenuLayout,https://github.com/mcxtzhang/SwipeDelMenuLayout,2016-08-25T08:10:45Z,3405,2
PowerJob/PowerJob,https://github.com/PowerJob/PowerJob,2020-03-16T09:19:55Z,3405,32
WVector/AppUpdate,https://github.com/WVector/AppUpdate,2017-06-19T09:38:42Z,3396,3
DiUS/java-faker,https://github.com/DiUS/java-faker,2011-06-06T01:01:21Z,3396,0
promeG/TinyPinyin,https://github.com/promeG/TinyPinyin,2015-09-30T03:24:50Z,3395,2
networknt/light-4j,https://github.com/networknt/light-4j,2016-09-09T22:28:14Z,3393,145
crossoverJie/SSM,https://github.com/crossoverJie/SSM,2016-06-21T10:09:02Z,3389,10
stylefeng/Guns,https://github.com/stylefeng/Guns,2017-07-06T05:19:54Z,3389,0
spring-projects/spring-authorization-server,https://github.com/spring-projects/spring-authorization-server,2020-03-17T17:28:57Z,3384,10
linkedin/databus,https://github.com/linkedin/databus,2012-12-17T17:49:17Z,3378,0
lisawray/groupie,https://github.com/lisawray/groupie,2016-09-01T20:59:35Z,3375,27
NotFound9/interviewGuide,https://github.com/NotFound9/interviewGuide,2016-04-20T07:17:09Z,3373,0
ivacf/archi,https://github.com/ivacf/archi,2015-09-11T16:13:34Z,3367,0
liuyubobobo/Play-with-Algorithms,https://github.com/liuyubobobo/Play-with-Algorithms,2016-07-05T18:16:22Z,3360,0
alamkanak/Android-Week-View,https://github.com/alamkanak/Android-Week-View,2014-09-17T10:07:12Z,3359,4
googlemaps/android-maps-utils,https://github.com/googlemaps/android-maps-utils,2013-05-17T00:08:48Z,3357,24
CaffeineMC/sodium-fabric,https://github.com/CaffeineMC/sodium-fabric,2020-02-01T03:04:09Z,3355,11
code4craft/netty-learning,https://github.com/code4craft/netty-learning,2013-09-19T02:24:25Z,3353,0
google/data-transfer-project,https://github.com/google/data-transfer-project,2018-01-04T21:27:57Z,3333,43
crate/crate,https://github.com/crate/crate,2013-04-10T09:17:16Z,3320,39
xmuSistone/ViewpagerTransition,https://github.com/xmuSistone/ViewpagerTransition,2016-09-19T05:38:45Z,3020,1
Marswin/MarsDaemon,https://github.com/Marswin/MarsDaemon,2015-12-25T03:21:41Z,3019,0
java8/Java8InAction,https://github.com/java8/Java8InAction,2013-10-28T23:59:40Z,3015,0
dingjikerbo/Android-BluetoothKit,https://github.com/dingjikerbo/Android-BluetoothKit,2015-10-08T09:07:33Z,3012,0
yanzhenjie/AndServer,https://github.com/yanzhenjie/AndServer,2016-06-14T00:52:52Z,3009,0
dmytrodanylyk/android-process-button,https://github.com/dmytrodanylyk/android-process-button,2014-05-02T20:39:23Z,3008,1
pedrovgs/DraggablePanel,https://github.com/pedrovgs/DraggablePanel,2014-04-13T11:40:54Z,3006,10
facebookarchive/react-native-fbsdk,https://github.com/facebookarchive/react-native-fbsdk,2015-08-03T17:10:14Z,3006,22
zaaach/CityPicker,https://github.com/zaaach/CityPicker,2016-02-27T09:11:27Z,3005,2
ballerina-platform/ballerina-lang,https://github.com/ballerina-platform/ballerina-lang,2016-11-16T14:58:44Z,3004,118
florent37/ShapeOfView,https://github.com/florent37/ShapeOfView,2018-02-18T12:14:06Z,3002,0
watabou/pixel-dungeon,https://github.com/watabou/pixel-dungeon,2014-07-26T17:34:32Z,3002,0
spring-cloud/spring-cloud-kubernetes,https://github.com/spring-cloud/spring-cloud-kubernetes,2016-12-13T21:36:25Z,2998,0
lovetuzitong/MultiImageSelector,https://github.com/lovetuzitong/MultiImageSelector,2015-04-08T10:12:50Z,2993,2
apache/calcite,https://github.com/apache/calcite,2014-06-25T07:00:07Z,2991,0
tronprotocol/java-tron,https://github.com/tronprotocol/java-tron,2017-12-26T10:20:38Z,2991,64
MindorksOpenSource/PRDownloader,https://github.com/MindorksOpenSource/PRDownloader,2017-11-11T19:29:38Z,2987,5
mplushnikov/lombok-intellij-plugin,https://github.com/mplushnikov/lombok-intellij-plugin,2013-10-09T21:49:01Z,2985,116
stephanenicolas/robospice,https://github.com/stephanenicolas/robospice,2012-09-19T14:09:37Z,2984,1
yui/yuicompressor,https://github.com/yui/yuicompressor,2008-12-05T19:13:24Z,2975,1
ZieIony/Carbon,https://github.com/ZieIony/Carbon,2015-02-04T23:11:18Z,2972,2
apache/hudi,https://github.com/apache/hudi,2016-12-14T15:53:41Z,2971,15
jasonross/Nuwa,https://github.com/jasonross/Nuwa,2015-11-11T14:48:23Z,2968,0
evrencoskun/TableView,https://github.com/evrencoskun/TableView,2017-06-13T04:29:44Z,2965,12
yarolegovich/SlidingRootNav,https://github.com/yarolegovich/SlidingRootNav,2017-03-26T22:58:48Z,2961,1
bluelinelabs/LoganSquare,https://github.com/bluelinelabs/LoganSquare,2015-02-17T03:24:12Z,3234,0
java-aodeng/hope-boot,https://github.com/java-aodeng/hope-boot,2018-10-17T07:50:48Z,3228,2
ragunathjawahar/android-saripaar,https://github.com/ragunathjawahar/android-saripaar,2012-09-08T11:52:30Z,3227,3
apache/incubator-seatunnel,https://github.com/apache/incubator-seatunnel,2017-08-05T09:14:47Z,3227,34
alibaba/QLExpress,https://github.com/alibaba/QLExpress,2017-03-15T08:39:54Z,3226,0
fishercoder1534/Leetcode,https://github.com/fishercoder1534/Leetcode,2016-07-31T05:28:15Z,3222,0
h2database/h2database,https://github.com/h2database/h2database,2015-04-10T19:09:09Z,3221,16
UnevenSoftware/LeafPic,https://github.com/UnevenSoftware/LeafPic,2016-01-07T17:24:12Z,3219,7
getActivity/XXPermissions,https://github.com/getActivity/XXPermissions,2018-06-15T14:31:29Z,3218,46
bauerca/drag-sort-listview,https://github.com/bauerca/drag-sort-listview,2012-06-01T06:32:13Z,3218,0
zendesk/maxwell,https://github.com/zendesk/maxwell,2015-02-09T22:06:13Z,3216,187
jbloch/effective-java-3e-source-code,https://github.com/jbloch/effective-java-3e-source-code,2018-08-03T20:48:35Z,3210,0
bilibili/boxing,https://github.com/bilibili/boxing,2017-01-22T07:04:34Z,3203,1
fyhertz/libstreaming,https://github.com/fyhertz/libstreaming,2013-01-30T21:24:47Z,3202,0
daimajia/AndroidViewHover,https://github.com/daimajia/AndroidViewHover,2014-08-08T12:04:43Z,3193,4
chrisbanes/ActionBar-PullToRefresh,https://github.com/chrisbanes/ActionBar-PullToRefresh,2013-06-04T14:44:53Z,3192,0
chenBingX/SuperTextView,https://github.com/chenBingX/SuperTextView,2017-04-17T11:32:41Z,3187,33
yangfuhai/afinal,https://github.com/yangfuhai/afinal,2012-10-17T08:10:00Z,3186,0
pengjianbo/GalleryFinal,https://github.com/pengjianbo/GalleryFinal,2015-09-21T07:01:17Z,3177,4
google/volley,https://github.com/google/volley,2017-01-24T17:39:33Z,3170,9
zzz40500/GsonFormat,https://github.com/zzz40500/GsonFormat,2014-10-31T14:16:39Z,3167,4
jacoco/jacoco,https://github.com/jacoco/jacoco,2012-07-08T21:45:13Z,3167,43
BelooS/ChipsLayoutManager,https://github.com/BelooS/ChipsLayoutManager,2016-08-03T19:23:43Z,3163,11
eishay/jvm-serializers,https://github.com/eishay/jvm-serializers,2010-04-25T03:12:00Z,3160,0
KingJA/LoadSir,https://github.com/KingJA/LoadSir,2017-09-02T08:32:15Z,3159,6
facebookarchive/network-connection-class,https://github.com/facebookarchive/network-connection-class,2015-03-18T02:16:43Z,3157,2
amulyakhare/TextDrawable,https://github.com/amulyakhare/TextDrawable,2014-10-19T09:56:45Z,3150,0
huburt-Hu/NewbieGuide,https://github.com/huburt-Hu/NewbieGuide,2017-07-28T06:54:05Z,3150,20
jfinal/jfinal,https://github.com/jfinal/jfinal,2012-04-25T08:48:48Z,3147,0
eleme/UETool,https://github.com/eleme/UETool,2018-05-16T08:13:17Z,3147,9
alibaba/cobar,https://github.com/alibaba/cobar,2014-01-15T11:20:09Z,3142,1
hitherejoe/animate,https://github.com/hitherejoe/animate,2015-11-16T15:06:22Z,3141,0
pppscn/SmsForwarder,https://github.com/pppscn/SmsForwarder,2021-02-10T02:23:07Z,3139,18
spockframework/spock,https://github.com/spockframework/spock,2010-12-12T19:02:34Z,3136,16
nicolasgramlich/AndEngine,https://github.com/nicolasgramlich/AndEngine,2011-11-22T14:20:11Z,3126,0
airbnb/native-navigation,https://github.com/airbnb/native-navigation,2016-09-16T17:16:56Z,3125,0
Skykai521/StickerCamera,https://github.com/Skykai521/StickerCamera,2015-07-05T14:12:43Z,3123,0
anggrayudi/android-hidden-api,https://github.com/anggrayudi/android-hidden-api,2015-09-16T11:58:33Z,3122,1
WritingMinds/ffmpeg-android-java,https://github.com/WritingMinds/ffmpeg-android-java,2014-09-11T10:12:09Z,3121,8
pig-mesh/pig,https://github.com/pig-mesh/pig,2019-08-26T03:24:53Z,3114,17
danylovolokh/VideoPlayerManager,https://github.com/danylovolokh/VideoPlayerManager,2015-07-09T21:32:15Z,3106,0
GeyserMC/Geyser,https://github.com/GeyserMC/Geyser,2019-07-08T17:23:17Z,3102,0
yipianfengye/android-adDialog,https://github.com/yipianfengye/android-adDialog,2016-08-02T08:00:57Z,3101,0
undertow-io/undertow,https://github.com/undertow-io/undertow,2012-07-19T00:52:44Z,3100,0
KunMinX/Linkage-RecyclerView,https://github.com/KunMinX/Linkage-RecyclerView,2019-04-22T04:39:46Z,3092,0
hongyangAndroid/Highlight,https://github.com/hongyangAndroid/Highlight,2015-10-08T15:03:40Z,3091,0
uber/NullAway,https://github.com/uber/NullAway,2017-09-01T17:35:57Z,3089,0
requery/requery,https://github.com/requery/requery,2015-11-14T00:45:31Z,3089,43
crazyandcoder/citypicker,https://github.com/crazyandcoder/citypicker,2016-05-12T01:21:33Z,3085,4
liquibase/liquibase,https://github.com/liquibase/liquibase,2011-07-08T20:08:20Z,3085,67
beemdevelopment/Aegis,https://github.com/beemdevelopment/Aegis,2016-08-15T19:10:31Z,3085,45
woxingxiao/BubbleSeekBar,https://github.com/woxingxiao/BubbleSeekBar,2016-11-03T14:31:05Z,3082,12
immutables/immutables,https://github.com/immutables/immutables,2013-07-07T13:48:23Z,3079,6
guoguibing/librec,https://github.com/guoguibing/librec,2014-01-09T16:06:11Z,3077,3
jindrapetrik/jpexs-decompiler,https://github.com/jindrapetrik/jpexs-decompiler,2014-05-10T17:20:56Z,3077,120
dariuszseweryn/RxAndroidBle,https://github.com/dariuszseweryn/RxAndroidBle,2016-02-04T13:42:02Z,3076,47
gabrielemariotti/RecyclerViewItemAnimators,https://github.com/gabrielemariotti/RecyclerViewItemAnimators,2014-08-22T00:24:43Z,3072,0
aragozin/jvm-tools,https://github.com/aragozin/jvm-tools,2012-04-28T09:28:32Z,3066,0
jagrosh/MusicBot,https://github.com/jagrosh/MusicBot,2016-08-14T18:46:29Z,3065,31
apache/nifi,https://github.com/apache/nifi,2014-12-12T08:00:05Z,3063,0
lenve/JavaEETest,https://github.com/lenve/JavaEETest,2016-12-13T02:13:58Z,3063,0
oshi/oshi,https://github.com/oshi/oshi,2012-02-10T12:46:48Z,3063,130
osmandapp/OsmAnd,https://github.com/osmandapp/OsmAnd,2011-01-15T19:59:44Z,3062,1
trojan-gfw/igniter,https://github.com/trojan-gfw/igniter,2018-11-08T22:19:03Z,3062,33
PhilippC/keepass2android,https://github.com/PhilippC/keepass2android,2017-09-20T18:42:02Z,3060,19
Red5/red5-server,https://github.com/Red5/red5-server,2013-11-19T05:04:10Z,3056,49
keyboardsurfer/Crouton,https://github.com/keyboardsurfer/Crouton,2012-08-03T11:04:36Z,3047,8
strimzi/strimzi-kafka-operator,https://github.com/strimzi/strimzi-kafka-operator,2016-05-06T08:52:33Z,3047,95
android-notes/Cockroach,https://github.com/android-notes/Cockroach,2017-02-14T03:43:51Z,3047,1
alibaba/Alink,https://github.com/alibaba/Alink,2018-09-30T06:36:11Z,3046,13
zwwill/yanxuan-weex-demo,https://github.com/zwwill/yanxuan-weex-demo,2017-09-05T11:48:42Z,3044,0
sofastack/sofa-jarslink,https://github.com/sofastack/sofa-jarslink,2018-02-02T06:02:09Z,3043,2
jeecgboot/JimuReport,https://github.com/jeecgboot/JimuReport,2019-12-05T12:25:59Z,3037,2
react-native-share/react-native-share,https://github.com/react-native-share/react-native-share,2015-09-30T02:27:34Z,3036,75
jgilfelt/android-viewbadger,https://github.com/jgilfelt/android-viewbadger,2011-09-27T22:50:57Z,3033,0
vaticle/typedb,https://github.com/vaticle/typedb,2016-07-11T23:59:57Z,3029,82
apache/maven,https://github.com/apache/maven,2009-05-21T03:22:03Z,3025,2
VaughnVernon/IDDD_Samples,https://github.com/VaughnVernon/IDDD_Samples,2013-04-08T22:12:57Z,3025,0
FasterXML/jackson-databind,https://github.com/FasterXML/jackson-databind,2011-12-23T07:17:41Z,3023,0
zhou-you/RxEasyHttp,https://github.com/zhou-you/RxEasyHttp,2017-06-07T09:33:47Z,3022,0
xmuSistone/ViewpagerTransition,https://github.com/xmuSistone/ViewpagerTransition,2016-09-19T05:38:45Z,3020,1
Marswin/MarsDaemon,https://github.com/Marswin/MarsDaemon,2015-12-25T03:21:41Z,3019,0
java8/Java8InAction,https://github.com/java8/Java8InAction,2013-10-28T23:59:40Z,3015,0
dingjikerbo/Android-BluetoothKit,https://github.com/dingjikerbo/Android-BluetoothKit,2015-10-08T09:07:33Z,3012,0
yanzhenjie/AndServer,https://github.com/yanzhenjie/AndServer,2016-06-14T00:52:52Z,3009,0
dmytrodanylyk/android-process-button,https://github.com/dmytrodanylyk/android-process-button,2014-05-02T20:39:23Z,3008,1
pedrovgs/DraggablePanel,https://github.com/pedrovgs/DraggablePanel,2014-04-13T11:40:54Z,3006,10
facebookarchive/react-native-fbsdk,https://github.com/facebookarchive/react-native-fbsdk,2015-08-03T17:10:14Z,3006,22
zaaach/CityPicker,https://github.com/zaaach/CityPicker,2016-02-27T09:11:27Z,3005,2
ballerina-platform/ballerina-lang,https://github.com/ballerina-platform/ballerina-lang,2016-11-16T14:58:44Z,3004,118
florent37/ShapeOfView,https://github.com/florent37/ShapeOfView,2018-02-18T12:14:06Z,3002,0
watabou/pixel-dungeon,https://github.com/watabou/pixel-dungeon,2014-07-26T17:34:32Z,3002,0
spring-cloud/spring-cloud-kubernetes,https://github.com/spring-cloud/spring-cloud-kubernetes,2016-12-13T21:36:25Z,2998,0
lovetuzitong/MultiImageSelector,https://github.com/lovetuzitong/MultiImageSelector,2015-04-08T10:12:50Z,2993,2
apache/calcite,https://github.com/apache/calcite,2014-06-25T07:00:07Z,2991,0
tronprotocol/java-tron,https://github.com/tronprotocol/java-tron,2017-12-26T10:20:38Z,2991,64
MindorksOpenSource/PRDownloader,https://github.com/MindorksOpenSource/PRDownloader,2017-11-11T19:29:38Z,2987,5
mplushnikov/lombok-intellij-plugin,https://github.com/mplushnikov/lombok-intellij-plugin,2013-10-09T21:49:01Z,2985,116
stephanenicolas/robospice,https://github.com/stephanenicolas/robospice,2012-09-19T14:09:37Z,2984,1
jd-alexander/LikeButton,https://github.com/jd-alexander/LikeButton,2015-12-23T17:49:46Z,2979,14
nic-delhi/AarogyaSetu_Android,https://github.com/nic-delhi/AarogyaSetu_Android,2020-05-26T17:36:26Z,2851,0
Mojang/brigadier,https://github.com/Mojang/brigadier,2014-09-15T08:48:24Z,2847,3
SpecialCyCi/AndroidResideMenu,https://github.com/SpecialCyCi/AndroidResideMenu,2013-12-14T15:25:49Z,2846,7
donglua/PhotoPicker,https://github.com/donglua/PhotoPicker,2015-06-25T16:53:50Z,2842,13
jiangqqlmj/FastDev4Android,https://github.com/jiangqqlmj/FastDev4Android,2015-10-22T05:22:53Z,2840,4
w446108264/XhsEmoticonsKeyboard,https://github.com/w446108264/XhsEmoticonsKeyboard,2015-03-06T02:39:34Z,2838,7
AweiLoveAndroid/CommonDevKnowledge,https://github.com/AweiLoveAndroid/CommonDevKnowledge,2017-12-15T03:00:08Z,2835,0
ikarus23/MifareClassicTool,https://github.com/ikarus23/MifareClassicTool,2013-02-12T15:39:03Z,2834,2
tianshiyeben/wgcloud,https://github.com/tianshiyeben/wgcloud,2019-01-15T02:02:21Z,2834,9
ddd-by-examples/library,https://github.com/ddd-by-examples/library,2019-01-11T09:14:03Z,2832,0
jprante/elasticsearch-jdbc,https://github.com/jprante/elasticsearch-jdbc,2012-06-02T23:17:56Z,2830,19
jiajunhui/PlayerBase,https://github.com/jiajunhui/PlayerBase,2017-03-28T10:19:51Z,2827,18
JulienGenoud/android-percent-support-lib-sample,https://github.com/JulienGenoud/android-percent-support-lib-sample,2015-06-26T12:44:38Z,2820,2
cSploit/android,https://github.com/cSploit/android,2014-10-04T05:53:29Z,2819,33
sunfusheng/StickyHeaderListView,https://github.com/sunfusheng/StickyHeaderListView,2016-04-22T11:39:25Z,2817,0
mzule/ActivityRouter,https://github.com/mzule/ActivityRouter,2016-04-08T02:27:14Z,2812,3
FinalTeam/RxGalleryFinal,https://github.com/FinalTeam/RxGalleryFinal,2016-04-22T01:41:15Z,2811,1
nextcloud/android,https://github.com/nextcloud/android,2016-06-06T21:23:36Z,2811,182
JackyAndroid/AndroidTVLauncher,https://github.com/JackyAndroid/AndroidTVLauncher,2016-03-27T08:59:19Z,2806,3
googlesamples/google-services,https://github.com/googlesamples/google-services,2015-05-20T22:45:11Z,2800,0
square/flow,https://github.com/square/flow,2013-09-12T22:20:16Z,2799,0
mmin18/RealtimeBlurView,https://github.com/mmin18/RealtimeBlurView,2016-09-21T15:59:51Z,2798,0
JoanZapata/android-pdfview,https://github.com/JoanZapata/android-pdfview,2012-11-21T16:19:38Z,2795,0
google/binnavi,https://github.com/google/binnavi,2015-08-19T12:20:24Z,2794,3
201206030/fiction_house,https://github.com/201206030/fiction_house,2019-11-11T01:13:52Z,2792,5
CrawlScript/WebCollector,https://github.com/CrawlScript/WebCollector,2014-07-12T03:16:12Z,2896,0
geftimov/android-pathview,https://github.com/geftimov/android-pathview,2015-01-20T15:21:06Z,2894,2
phodal/migration,https://github.com/phodal/migration,2020-01-08T02:11:38Z,2890,0
RipMeApp/ripme,https://github.com/RipMeApp/ripme,2017-01-06T17:12:09Z,2887,126
iwgang/CountdownView,https://github.com/iwgang/CountdownView,2015-10-12T07:46:28Z,2879,3
DTStack/chunjun,https://github.com/DTStack/chunjun,2018-04-03T12:44:58Z,2874,23
szerhusenBC/jwt-spring-security-demo,https://github.com/szerhusenBC/jwt-spring-security-demo,2016-03-20T19:16:17Z,2874,3
bmelnychuk/AndroidTreeView,https://github.com/bmelnychuk/AndroidTreeView,2015-02-11T02:48:05Z,2873,0
race604/FlyRefresh,https://github.com/race604/FlyRefresh,2015-05-28T10:19:34Z,2873,2
YahooArchive/anthelion,https://github.com/YahooArchive/anthelion,2015-10-27T00:42:01Z,2868,0
DV8FromTheWorld/JDA,https://github.com/DV8FromTheWorld/JDA,2015-12-12T13:57:32Z,2861,51
jtablesaw/tablesaw,https://github.com/jtablesaw/tablesaw,2016-01-01T14:58:28Z,2859,77
saulmm/Android-Material-Examples,https://github.com/saulmm/Android-Material-Examples,2014-10-13T16:13:02Z,2859,0
nanchen2251/RxJava2Examples,https://github.com/nanchen2251/RxJava2Examples,2017-06-19T05:38:45Z,2854,0
sublimehq/Packages,https://github.com/sublimehq/Packages,2015-06-13T04:17:44Z,2853,0
openaphid/android-flip,https://github.com/openaphid/android-flip,2012-05-22T07:48:41Z,2852,0
M66B/FairEmail,https://github.com/M66B/FairEmail,2018-08-02T13:30:25Z,2851,1802
eclipse-openj9/openj9,https://github.com/eclipse-openj9/openj9,2017-08-25T13:46:07Z,2851,30
nic-delhi/AarogyaSetu_Android,https://github.com/nic-delhi/AarogyaSetu_Android,2020-05-26T17:36:26Z,2851,0
Mojang/brigadier,https://github.com/Mojang/brigadier,2014-09-15T08:48:24Z,2847,3
SpecialCyCi/AndroidResideMenu,https://github.com/SpecialCyCi/AndroidResideMenu,2013-12-14T15:25:49Z,2846,7
donglua/PhotoPicker,https://github.com/donglua/PhotoPicker,2015-06-25T16:53:50Z,2842,13
jiangqqlmj/FastDev4Android,https://github.com/jiangqqlmj/FastDev4Android,2015-10-22T05:22:53Z,2840,4
w446108264/XhsEmoticonsKeyboard,https://github.com/w446108264/XhsEmoticonsKeyboard,2015-03-06T02:39:34Z,2838,7
AweiLoveAndroid/CommonDevKnowledge,https://github.com/AweiLoveAndroid/CommonDevKnowledge,2017-12-15T03:00:08Z,2835,0
ikarus23/MifareClassicTool,https://github.com/ikarus23/MifareClassicTool,2013-02-12T15:39:03Z,2834,2
tianshiyeben/wgcloud,https://github.com/tianshiyeben/wgcloud,2019-01-15T02:02:21Z,2834,9
ddd-by-examples/library,https://github.com/ddd-by-examples/library,2019-01-11T09:14:03Z,2832,0
jprante/elasticsearch-jdbc,https://github.com/jprante/elasticsearch-jdbc,2012-06-02T23:17:56Z,2830,19
jiajunhui/PlayerBase,https://github.com/jiajunhui/PlayerBase,2017-03-28T10:19:51Z,2827,18
jenkinsci/blueocean-plugin,https://github.com/jenkinsci/blueocean-plugin,2016-01-23T18:02:45Z,2821,31
JulienGenoud/android-percent-support-lib-sample,https://github.com/JulienGenoud/android-percent-support-lib-sample,2015-06-26T12:44:38Z,2820,2
cSploit/android,https://github.com/cSploit/android,2014-10-04T05:53:29Z,2819,33
sunfusheng/StickyHeaderListView,https://github.com/sunfusheng/StickyHeaderListView,2016-04-22T11:39:25Z,2817,0
mzule/ActivityRouter,https://github.com/mzule/ActivityRouter,2016-04-08T02:27:14Z,2812,3
FinalTeam/RxGalleryFinal,https://github.com/FinalTeam/RxGalleryFinal,2016-04-22T01:41:15Z,2811,1
nextcloud/android,https://github.com/nextcloud/android,2016-06-06T21:23:36Z,2811,182
JackyAndroid/AndroidTVLauncher,https://github.com/JackyAndroid/AndroidTVLauncher,2016-03-27T08:59:19Z,2806,3
googlesamples/google-services,https://github.com/googlesamples/google-services,2015-05-20T22:45:11Z,2800,0
square/flow,https://github.com/square/flow,2013-09-12T22:20:16Z,2799,0
mmin18/RealtimeBlurView,https://github.com/mmin18/RealtimeBlurView,2016-09-21T15:59:51Z,2798,0
JoanZapata/android-pdfview,https://github.com/JoanZapata/android-pdfview,2012-11-21T16:19:38Z,2795,0
google/binnavi,https://github.com/google/binnavi,2015-08-19T12:20:24Z,2794,3
201206030/fiction_house,https://github.com/201206030/fiction_house,2019-11-11T01:13:52Z,2792,5
bitcoin-wallet/bitcoin-wallet,https://github.com/bitcoin-wallet/bitcoin-wallet,2012-03-31T17:06:47Z,2791,18
Teevity/ice,https://github.com/Teevity/ice,2013-06-14T20:56:13Z,2790,3
bastillion-io/Bastillion,https://github.com/bastillion-io/Bastillion,2013-02-07T23:11:49Z,2790,17
spring-io/initializr,https://github.com/spring-io/initializr,2013-06-07T16:02:22Z,2790,12
florent37/ExpectAnim,https://github.com/florent37/ExpectAnim,2017-02-20T15:05:03Z,2787,1
googlearchive/android-Camera2Basic,https://github.com/googlearchive/android-Camera2Basic,2014-06-26T15:53:00Z,2781,0
Tencent/MSEC,https://github.com/Tencent/MSEC,2016-11-28T01:50:35Z,2772,0
JakeWharton/scalpel,https://github.com/JakeWharton/scalpel,2014-01-06T17:26:01Z,2771,0
RobotiumTech/robotium,https://github.com/RobotiumTech/robotium,2009-12-10T12:51:14Z,2770,0
fengjundev/Android-Skin-Loader,https://github.com/fengjundev/Android-Skin-Loader,2015-07-01T07:36:33Z,2770,0
tyzlmjj/PagerBottomTabStrip,https://github.com/tyzlmjj/PagerBottomTabStrip,2015-08-23T02:35:28Z,2769,12
sockeqwe/AdapterDelegates,https://github.com/sockeqwe/AdapterDelegates,2015-07-29T11:19:56Z,2768,18
liuyangming/ByteTCC,https://github.com/liuyangming/ByteTCC,2016-02-12T11:51:14Z,2768,17
airbnb/airpal,https://github.com/airbnb/airpal,2014-05-05T18:51:30Z,2761,0
sofastack/sofa-jraft,https://github.com/sofastack/sofa-jraft,2019-03-04T10:13:43Z,2757,21
Nightonke/WoWoViewPager,https://github.com/Nightonke/WoWoViewPager,2016-03-03T04:29:28Z,2753,0
MindorksOpenSource/android-mvvm-architecture,https://github.com/MindorksOpenSource/android-mvvm-architecture,2017-07-07T08:34:07Z,2752,0
Dimezis/BlurView,https://github.com/Dimezis/BlurView,2016-04-21T16:00:07Z,2752,22
apache/logging-log4j2,https://github.com/apache/logging-log4j2,2013-06-12T07:00:19Z,2750,0
halirutan/IntelliJ-Key-Promoter-X,https://github.com/halirutan/IntelliJ-Key-Promoter-X,2017-07-28T22:09:25Z,2748,19
Nightonke/CoCoin,https://github.com/Nightonke/CoCoin,2015-10-17T13:50:12Z,2747,0
harjot-oberai/MusicDNA,https://github.com/harjot-oberai/MusicDNA,2016-04-30T20:12:34Z,2744,2
Yalantis/GuillotineMenu-Android,https://github.com/Yalantis/GuillotineMenu-Android,2015-06-15T13:56:21Z,2739,2
north2016/T-MVP,https://github.com/north2016/T-MVP,2016-05-09T05:55:34Z,2739,0
wenmingvs/AndroidProcess,https://github.com/wenmingvs/AndroidProcess,2016-01-19T06:28:11Z,2738,0
AbrahamCaiJin/CommonUtilLibrary,https://github.com/AbrahamCaiJin/CommonUtilLibrary,2017-04-28T06:06:58Z,2737,0
MagicMashRoom/SuperCalendar,https://github.com/MagicMashRoom/SuperCalendar,2017-05-11T12:28:51Z,2736,13
allure-framework/allure2,https://github.com/allure-framework/allure2,2016-05-27T14:06:05Z,2732,50
TangoAgency/material-intro-screen,https://github.com/TangoAgency/material-intro-screen,2016-09-12T13:16:19Z,2732,4
oguzbilgener/CircularFloatingActionMenu,https://github.com/oguzbilgener/CircularFloatingActionMenu,2014-07-20T20:42:12Z,2729,0
pedrovgs/Algorithms,https://github.com/pedrovgs/Algorithms,2014-11-09T14:32:33Z,2726,0
